=== Installation Error Log ===

=== Installing in ComfyUI-Dev-Utils/ ===
Looking in indexes: http://mirrors.aliyun.com/pypi/simple
Collecting aiohttp-sse (from -r requirements.txt (line 1))
  Downloading http://mirrors.aliyun.com/pypi/packages/5a/b8/bf448b1d2dbe6cf16c3be0b92230a8f032f2f0ed159a2299284c709819c8/aiohttp_sse-2.2.0-py3-none-any.whl (6.7 kB)
Requirement already satisfied: aiohttp>=3.0 in /root/miniconda3/lib/python3.12/site-packages (from aiohttp-sse->-r requirements.txt (line 1)) (3.13.1)
Requirement already satisfied: aiohappyeyeballs>=2.5.0 in /root/miniconda3/lib/python3.12/site-packages (from aiohttp>=3.0->aiohttp-sse->-r requirements.txt (line 1)) (2.6.1)
Requirement already satisfied: aiosignal>=1.4.0 in /root/miniconda3/lib/python3.12/site-packages (from aiohttp>=3.0->aiohttp-sse->-r requirements.txt (line 1)) (1.4.0)
Requirement already satisfied: attrs>=17.3.0 in /root/miniconda3/lib/python3.12/site-packages (from aiohttp>=3.0->aiohttp-sse->-r requirements.txt (line 1)) (24.2.0)
Requirement already satisfied: frozenlist>=1.1.1 in /root/miniconda3/lib/python3.12/site-packages (from aiohttp>=3.0->aiohttp-sse->-r requirements.txt (line 1)) (1.8.0)
Requirement already satisfied: multidict<7.0,>=4.5 in /root/miniconda3/lib/python3.12/site-packages (from aiohttp>=3.0->aiohttp-sse->-r requirements.txt (line 1)) (6.7.0)
Requirement already satisfied: propcache>=0.2.0 in /root/miniconda3/lib/python3.12/site-packages (from aiohttp>=3.0->aiohttp-sse->-r requirements.txt (line 1)) (0.4.1)
Requirement already satisfied: yarl<2.0,>=1.17.0 in /root/miniconda3/lib/python3.12/site-packages (from aiohttp>=3.0->aiohttp-sse->-r requirements.txt (line 1)) (1.22.0)
Requirement already satisfied: idna>=2.0 in /root/miniconda3/lib/python3.12/site-packages (from yarl<2.0,>=1.17.0->aiohttp>=3.0->aiohttp-sse->-r requirements.txt (line 1)) (3.7)
Requirement already satisfied: typing-extensions>=4.2 in /root/miniconda3/lib/python3.12/site-packages (from aiosignal>=1.4.0->aiohttp>=3.0->aiohttp-sse->-r requirements.txt (line 1)) (4.15.0)
Installing collected packages: aiohttp-sse
Successfully installed aiohttp-sse-2.2.0
WARNING: Running pip as the 'root' user can result in broken permissions and conflicting behaviour with the system package manager, possibly rendering your system unusable. It is recommended to use a virtual environment instead: https://pip.pypa.io/warnings/venv. Use the --root-user-action option if you know what you are doing and want to suppress this warning.

=== Installing in ComfyUI-Easy-Use/ ===
Looking in indexes: http://mirrors.aliyun.com/pypi/simple
Collecting diffusers (from -r requirements.txt (line 1))
  Downloading http://mirrors.aliyun.com/pypi/packages/2a/2e/38d9824f8c6bb048c5ba21c6d4da54c29c162a46b58b3ef907a360a76d3e/diffusers-0.35.2-py3-none-any.whl (4.1 MB)
     ━━━━━━━━━━━━━━━━━━━━━━━━━━━━━━━━━━━━━━━━ 4.1/4.1 MB 4.4 MB/s  0:00:00
Collecting accelerate (from -r requirements.txt (line 2))
  Downloading http://mirrors.aliyun.com/pypi/packages/5f/a0/d9ef19f780f319c21ee90ecfef4431cbeeca95bec7f14071785c17b6029b/accelerate-1.10.1-py3-none-any.whl (374 kB)
Collecting clip_interrogator>=0.6.0 (from -r requirements.txt (line 3))
  Downloading http://mirrors.aliyun.com/pypi/packages/30/79/a75e9129809368b3e3d9b9bc803230ac1cba7d690338f7b0c3ad46107fa3/clip_interrogator-0.6.0-py3-none-any.whl (787 kB)
     ━━━━━━━━━━━━━━━━━━━━━━━━━━━━━━━━━━━━━━━━ 787.8/787.8 kB 4.2 MB/s  0:00:00
Collecting lark (from -r requirements.txt (line 4))
  Downloading http://mirrors.aliyun.com/pypi/packages/a8/3e/1c6b43277de64fc3c0333b0e72ab7b52ddaaea205210d60d9b9f83c3d0c7/lark-1.3.0-py3-none-any.whl (113 kB)
Collecting onnxruntime (from -r requirements.txt (line 5))
  Downloading http://mirrors.aliyun.com/pypi/packages/c4/b0/4663a333a82c77f159e48fe8639b1f03e4a05036625be9129c20c4d71d12/onnxruntime-1.23.1-cp312-cp312-manylinux_2_27_x86_64.manylinux_2_28_x86_64.whl (17.4 MB)
     ━━━━━━━━━━━━━━━━━━━━━━━━━━━━━━━━━━━━━━━━ 17.4/17.4 MB 3.8 MB/s  0:00:04
Collecting opencv-python (from -r requirements.txt (line 6))
  Downloading http://mirrors.aliyun.com/pypi/packages/68/1f/795e7f4aa2eacc59afa4fb61a2e35e510d06414dd5a802b51a012d691b37/opencv_python-4.12.0.88-cp37-abi3-manylinux2014_x86_64.manylinux_2_17_x86_64.whl (67.0 MB)
     ━━━━━━━━━━━━━━━━━━━━━━━━━━━━━━━━━━━━━━━━ 67.0/67.0 MB 4.2 MB/s  0:00:16
Requirement already satisfied: sentencepiece in /root/miniconda3/lib/python3.12/site-packages (from -r requirements.txt (line 7)) (0.2.1)
Requirement already satisfied: spandrel in /root/miniconda3/lib/python3.12/site-packages (from -r requirements.txt (line 8)) (0.4.1)
Requirement already satisfied: matplotlib in /root/miniconda3/lib/python3.12/site-packages (from -r requirements.txt (line 9)) (3.9.2)
Collecting peft (from -r requirements.txt (line 10))
  Downloading http://mirrors.aliyun.com/pypi/packages/49/fe/a2da1627aa9cb6310b6034598363bd26ac301c4a99d21f415b1b2855891e/peft-0.17.1-py3-none-any.whl (504 kB)
Collecting importlib_metadata (from diffusers->-r requirements.txt (line 1))
  Downloading http://mirrors.aliyun.com/pypi/packages/20/b0/36bd937216ec521246249be3bf9855081de4c5e06a0c9b4219dbeda50373/importlib_metadata-8.7.0-py3-none-any.whl (27 kB)
Requirement already satisfied: filelock in /root/miniconda3/lib/python3.12/site-packages (from diffusers->-r requirements.txt (line 1)) (3.16.1)
Requirement already satisfied: huggingface-hub>=0.34.0 in /root/miniconda3/lib/python3.12/site-packages (from diffusers->-r requirements.txt (line 1)) (0.35.3)
Requirement already satisfied: numpy in /root/miniconda3/lib/python3.12/site-packages (from diffusers->-r requirements.txt (line 1)) (2.1.3)
Requirement already satisfied: regex!=2019.12.17 in /root/miniconda3/lib/python3.12/site-packages (from diffusers->-r requirements.txt (line 1)) (2025.9.18)
Requirement already satisfied: requests in /root/miniconda3/lib/python3.12/site-packages (from diffusers->-r requirements.txt (line 1)) (2.31.0)
Requirement already satisfied: safetensors>=0.3.1 in /root/miniconda3/lib/python3.12/site-packages (from diffusers->-r requirements.txt (line 1)) (0.6.2)
Requirement already satisfied: Pillow in /root/miniconda3/lib/python3.12/site-packages (from diffusers->-r requirements.txt (line 1)) (11.0.0)
Requirement already satisfied: packaging>=20.0 in /root/miniconda3/lib/python3.12/site-packages (from accelerate->-r requirements.txt (line 2)) (23.2)
Requirement already satisfied: psutil in /root/miniconda3/lib/python3.12/site-packages (from accelerate->-r requirements.txt (line 2)) (6.1.0)
Requirement already satisfied: pyyaml in /root/miniconda3/lib/python3.12/site-packages (from accelerate->-r requirements.txt (line 2)) (6.0.2)
Requirement already satisfied: torch>=2.0.0 in /root/miniconda3/lib/python3.12/site-packages (from accelerate->-r requirements.txt (line 2)) (2.5.1+cu124)
Requirement already satisfied: torchvision in /root/miniconda3/lib/python3.12/site-packages (from clip_interrogator>=0.6.0->-r requirements.txt (line 3)) (0.20.1+cu124)
Requirement already satisfied: tqdm in /root/miniconda3/lib/python3.12/site-packages (from clip_interrogator>=0.6.0->-r requirements.txt (line 3)) (4.66.2)
Collecting open-clip-torch (from clip_interrogator>=0.6.0->-r requirements.txt (line 3))
  Downloading http://mirrors.aliyun.com/pypi/packages/94/91/397327cc1597fa317942cc15bef414175eee4b3c2263b34407c57f3521f9/open_clip_torch-3.2.0-py3-none-any.whl (1.5 MB)
     ━━━━━━━━━━━━━━━━━━━━━━━━━━━━━━━━━━━━━━━━ 1.5/1.5 MB 4.4 MB/s  0:00:00
Requirement already satisfied: transformers>=4.27.1 in /root/miniconda3/lib/python3.12/site-packages (from clip_interrogator>=0.6.0->-r requirements.txt (line 3)) (4.57.1)
Collecting coloredlogs (from onnxruntime->-r requirements.txt (line 5))
  Downloading http://mirrors.aliyun.com/pypi/packages/a7/06/3d6badcf13db419e25b07041d9c7b4a2c331d3f4e7134445ec5df57714cd/coloredlogs-15.0.1-py2.py3-none-any.whl (46 kB)
Collecting flatbuffers (from onnxruntime->-r requirements.txt (line 5))
  Downloading http://mirrors.aliyun.com/pypi/packages/ee/1b/00a78aa2e8fbd63f9af08c9c19e6deb3d5d66b4dda677a0f61654680ee89/flatbuffers-25.9.23-py2.py3-none-any.whl (30 kB)
Requirement already satisfied: protobuf in /root/miniconda3/lib/python3.12/site-packages (from onnxruntime->-r requirements.txt (line 5)) (5.28.3)
Requirement already satisfied: sympy in /root/miniconda3/lib/python3.12/site-packages (from onnxruntime->-r requirements.txt (line 5)) (1.13.1)
Requirement already satisfied: einops in /root/miniconda3/lib/python3.12/site-packages (from spandrel->-r requirements.txt (line 8)) (0.8.1)
Requirement already satisfied: typing_extensions in /root/miniconda3/lib/python3.12/site-packages (from spandrel->-r requirements.txt (line 8)) (4.15.0)
Requirement already satisfied: contourpy>=1.0.1 in /root/miniconda3/lib/python3.12/site-packages (from matplotlib->-r requirements.txt (line 9)) (1.3.1)
Requirement already satisfied: cycler>=0.10 in /root/miniconda3/lib/python3.12/site-packages (from matplotlib->-r requirements.txt (line 9)) (0.12.1)
Requirement already satisfied: fonttools>=4.22.0 in /root/miniconda3/lib/python3.12/site-packages (from matplotlib->-r requirements.txt (line 9)) (4.55.0)
Requirement already satisfied: kiwisolver>=1.3.1 in /root/miniconda3/lib/python3.12/site-packages (from matplotlib->-r requirements.txt (line 9)) (1.4.7)
Requirement already satisfied: pyparsing>=2.3.1 in /root/miniconda3/lib/python3.12/site-packages (from matplotlib->-r requirements.txt (line 9)) (3.2.0)
Requirement already satisfied: python-dateutil>=2.7 in /root/miniconda3/lib/python3.12/site-packages (from matplotlib->-r requirements.txt (line 9)) (2.9.0.post0)
Requirement already satisfied: fsspec>=2023.5.0 in /root/miniconda3/lib/python3.12/site-packages (from huggingface-hub>=0.34.0->diffusers->-r requirements.txt (line 1)) (2024.10.0)
Requirement already satisfied: hf-xet<2.0.0,>=1.1.3 in /root/miniconda3/lib/python3.12/site-packages (from huggingface-hub>=0.34.0->diffusers->-r requirements.txt (line 1)) (1.1.10)
Requirement already satisfied: six>=1.5 in /root/miniconda3/lib/python3.12/site-packages (from python-dateutil>=2.7->matplotlib->-r requirements.txt (line 9)) (1.16.0)
Requirement already satisfied: networkx in /root/miniconda3/lib/python3.12/site-packages (from torch>=2.0.0->accelerate->-r requirements.txt (line 2)) (3.4.2)
Requirement already satisfied: jinja2 in /root/miniconda3/lib/python3.12/site-packages (from torch>=2.0.0->accelerate->-r requirements.txt (line 2)) (3.1.4)
Requirement already satisfied: nvidia-cuda-nvrtc-cu12==12.4.127 in /root/miniconda3/lib/python3.12/site-packages (from torch>=2.0.0->accelerate->-r requirements.txt (line 2)) (12.4.127)
Requirement already satisfied: nvidia-cuda-runtime-cu12==12.4.127 in /root/miniconda3/lib/python3.12/site-packages (from torch>=2.0.0->accelerate->-r requirements.txt (line 2)) (12.4.127)
Requirement already satisfied: nvidia-cuda-cupti-cu12==12.4.127 in /root/miniconda3/lib/python3.12/site-packages (from torch>=2.0.0->accelerate->-r requirements.txt (line 2)) (12.4.127)
Requirement already satisfied: nvidia-cudnn-cu12==9.1.0.70 in /root/miniconda3/lib/python3.12/site-packages (from torch>=2.0.0->accelerate->-r requirements.txt (line 2)) (9.1.0.70)
Requirement already satisfied: nvidia-cublas-cu12==12.4.5.8 in /root/miniconda3/lib/python3.12/site-packages (from torch>=2.0.0->accelerate->-r requirements.txt (line 2)) (12.4.5.8)
Requirement already satisfied: nvidia-cufft-cu12==11.2.1.3 in /root/miniconda3/lib/python3.12/site-packages (from torch>=2.0.0->accelerate->-r requirements.txt (line 2)) (11.2.1.3)
Requirement already satisfied: nvidia-curand-cu12==10.3.5.147 in /root/miniconda3/lib/python3.12/site-packages (from torch>=2.0.0->accelerate->-r requirements.txt (line 2)) (10.3.5.147)
Requirement already satisfied: nvidia-cusolver-cu12==11.6.1.9 in /root/miniconda3/lib/python3.12/site-packages (from torch>=2.0.0->accelerate->-r requirements.txt (line 2)) (11.6.1.9)
Requirement already satisfied: nvidia-cusparse-cu12==12.3.1.170 in /root/miniconda3/lib/python3.12/site-packages (from torch>=2.0.0->accelerate->-r requirements.txt (line 2)) (12.3.1.170)
Requirement already satisfied: nvidia-nccl-cu12==2.21.5 in /root/miniconda3/lib/python3.12/site-packages (from torch>=2.0.0->accelerate->-r requirements.txt (line 2)) (2.21.5)
Requirement already satisfied: nvidia-nvtx-cu12==12.4.127 in /root/miniconda3/lib/python3.12/site-packages (from torch>=2.0.0->accelerate->-r requirements.txt (line 2)) (12.4.127)
Requirement already satisfied: nvidia-nvjitlink-cu12==12.4.127 in /root/miniconda3/lib/python3.12/site-packages (from torch>=2.0.0->accelerate->-r requirements.txt (line 2)) (12.4.127)
Requirement already satisfied: triton==3.1.0 in /root/miniconda3/lib/python3.12/site-packages (from torch>=2.0.0->accelerate->-r requirements.txt (line 2)) (3.1.0)
Requirement already satisfied: setuptools in /root/miniconda3/lib/python3.12/site-packages (from torch>=2.0.0->accelerate->-r requirements.txt (line 2)) (69.5.1)
Requirement already satisfied: mpmath<1.4,>=1.1.0 in /root/miniconda3/lib/python3.12/site-packages (from sympy->onnxruntime->-r requirements.txt (line 5)) (1.3.0)
Requirement already satisfied: tokenizers<=0.23.0,>=0.22.0 in /root/miniconda3/lib/python3.12/site-packages (from transformers>=4.27.1->clip_interrogator>=0.6.0->-r requirements.txt (line 3)) (0.22.1)
Collecting humanfriendly>=9.1 (from coloredlogs->onnxruntime->-r requirements.txt (line 5))
  Downloading http://mirrors.aliyun.com/pypi/packages/f0/0f/310fb31e39e2d734ccaa2c0fb981ee41f7bd5056ce9bc29b2248bd569169/humanfriendly-10.0-py2.py3-none-any.whl (86 kB)
Collecting zipp>=3.20 (from importlib_metadata->diffusers->-r requirements.txt (line 1))
  Downloading http://mirrors.aliyun.com/pypi/packages/2e/54/647ade08bf0db230bfea292f893923872fd20be6ac6f53b2b936ba839d75/zipp-3.23.0-py3-none-any.whl (10 kB)
Requirement already satisfied: MarkupSafe>=2.0 in /root/miniconda3/lib/python3.12/site-packages (from jinja2->torch>=2.0.0->accelerate->-r requirements.txt (line 2)) (3.0.2)
Collecting ftfy (from open-clip-torch->clip_interrogator>=0.6.0->-r requirements.txt (line 3))
  Downloading http://mirrors.aliyun.com/pypi/packages/ab/6e/81d47999aebc1b155f81eca4477a616a70f238a2549848c38983f3c22a82/ftfy-6.3.1-py3-none-any.whl (44 kB)
Collecting timm>=1.0.17 (from open-clip-torch->clip_interrogator>=0.6.0->-r requirements.txt (line 3))
  Downloading http://mirrors.aliyun.com/pypi/packages/c5/74/5573615570bf010f788e977ac57c4b49db0aaf6d634134f6a9212d8dcdfd/timm-1.0.20-py3-none-any.whl (2.5 MB)
     ━━━━━━━━━━━━━━━━━━━━━━━━━━━━━━━━━━━━━━━━ 2.5/2.5 MB 4.3 MB/s  0:00:00
Requirement already satisfied: wcwidth in /root/miniconda3/lib/python3.12/site-packages (from ftfy->open-clip-torch->clip_interrogator>=0.6.0->-r requirements.txt (line 3)) (0.2.13)
Requirement already satisfied: charset-normalizer<4,>=2 in /root/miniconda3/lib/python3.12/site-packages (from requests->diffusers->-r requirements.txt (line 1)) (2.0.4)
Requirement already satisfied: idna<4,>=2.5 in /root/miniconda3/lib/python3.12/site-packages (from requests->diffusers->-r requirements.txt (line 1)) (3.7)
Requirement already satisfied: urllib3<3,>=1.21.1 in /root/miniconda3/lib/python3.12/site-packages (from requests->diffusers->-r requirements.txt (line 1)) (2.1.0)
Requirement already satisfied: certifi>=2017.4.17 in /root/miniconda3/lib/python3.12/site-packages (from requests->diffusers->-r requirements.txt (line 1)) (2024.2.2)
Installing collected packages: flatbuffers, zipp, opencv-python, lark, humanfriendly, ftfy, importlib_metadata, coloredlogs, onnxruntime, diffusers, accelerate, timm, peft, open-clip-torch, clip_interrogator

Successfully installed accelerate-1.10.1 clip_interrogator-0.6.0 coloredlogs-15.0.1 diffusers-0.35.2 flatbuffers-25.9.23 ftfy-6.3.1 humanfriendly-10.0 importlib_metadata-8.7.0 lark-1.3.0 onnxruntime-1.23.1 open-clip-torch-3.2.0 opencv-python-4.12.0.88 peft-0.17.1 timm-1.0.20 zipp-3.23.0
WARNING: Running pip as the 'root' user can result in broken permissions and conflicting behaviour with the system package manager, possibly rendering your system unusable. It is recommended to use a virtual environment instead: https://pip.pypa.io/warnings/venv. Use the --root-user-action option if you know what you are doing and want to suppress this warning.

=== Installing in ComfyUI-Impact-Pack/ ===
Looking in indexes: http://mirrors.aliyun.com/pypi/simple
Collecting git+https://github.com/facebookresearch/sam2 (from -r requirements.txt (line 10))
  Cloning https://github.com/facebookresearch/sam2 to /tmp/pip-req-build-ya8lvhnc
  Running command git clone --filter=blob:none --quiet https://github.com/facebookresearch/sam2 /tmp/pip-req-build-ya8lvhnc
  Resolved https://github.com/facebookresearch/sam2 to commit 2b90b9f5ceec907a1c18123530e92e794ad901a4
  Installing build dependencies: started
  Installing build dependencies: still running...
  Installing build dependencies: still running...
  Installing build dependencies: still running...
  Installing build dependencies: still running...
  Installing build dependencies: still running...
  Installing build dependencies: still running...
  Installing build dependencies: still running...
  Installing build dependencies: finished with status 'done'
  Getting requirements to build wheel: started
  Getting requirements to build wheel: finished with status 'done'
  Preparing metadata (pyproject.toml): started
  Preparing metadata (pyproject.toml): finished with status 'done'
Collecting segment-anything (from -r requirements.txt (line 1))
  Downloading http://mirrors.aliyun.com/pypi/packages/75/77/8e0c16abf151a1dd076b562febc0da2ecf1132b0b41826087af96f101f42/segment_anything-1.0-py3-none-any.whl (36 kB)
Collecting scikit-image (from -r requirements.txt (line 2))
  Downloading http://mirrors.aliyun.com/pypi/packages/6b/b5/b75527c0f9532dd8a93e8e7cd8e62e547b9f207d4c11e24f0006e8646b36/scikit_image-0.25.2-cp312-cp312-manylinux_2_17_x86_64.manylinux2014_x86_64.whl (15.0 MB)
     ━━━━━━━━━━━━━━━━━━━━━━━━━━━━━━━━━━━━━━━━ 15.0/15.0 MB 5.4 MB/s  0:00:02
Collecting piexif (from -r requirements.txt (line 3))
  Downloading http://mirrors.aliyun.com/pypi/packages/2c/d8/6f63147dd73373d051c5eb049ecd841207f898f50a5a1d4378594178f6cf/piexif-1.1.3-py2.py3-none-any.whl (20 kB)
Requirement already satisfied: transformers in /root/miniconda3/lib/python3.12/site-packages (from -r requirements.txt (line 4)) (4.57.1)
Collecting opencv-python-headless (from -r requirements.txt (line 5))
  Downloading http://mirrors.aliyun.com/pypi/packages/89/53/e19c21e0c4eb1275c3e2c97b081103b6dfb3938172264d283a519bf728b9/opencv_python_headless-4.12.0.88-cp37-abi3-manylinux2014_x86_64.manylinux_2_17_x86_64.whl (54.0 MB)
     ━━━━━━━━━━━━━━━━━━━━━━━━━━━━━━━━━━━━━━━━ 54.0/54.0 MB 5.3 MB/s  0:00:10
Requirement already satisfied: scipy>=1.11.4 in /root/miniconda3/lib/python3.12/site-packages (from -r requirements.txt (line 6)) (1.16.2)
Requirement already satisfied: numpy in /root/miniconda3/lib/python3.12/site-packages (from -r requirements.txt (line 7)) (2.1.3)
Collecting dill (from -r requirements.txt (line 8))
  Downloading http://mirrors.aliyun.com/pypi/packages/50/3d/9373ad9c56321fdab5b41197068e1d8c25883b3fea29dd361f9b55116869/dill-0.4.0-py3-none-any.whl (119 kB)
Requirement already satisfied: matplotlib in /root/miniconda3/lib/python3.12/site-packages (from -r requirements.txt (line 9)) (3.9.2)
Requirement already satisfied: torch>=2.5.1 in /root/miniconda3/lib/python3.12/site-packages (from SAM-2==1.0->-r requirements.txt (line 10)) (2.5.1+cu124)
Requirement already satisfied: torchvision>=0.20.1 in /root/miniconda3/lib/python3.12/site-packages (from SAM-2==1.0->-r requirements.txt (line 10)) (0.20.1+cu124)
Requirement already satisfied: tqdm>=4.66.1 in /root/miniconda3/lib/python3.12/site-packages (from SAM-2==1.0->-r requirements.txt (line 10)) (4.66.2)
Collecting hydra-core>=1.3.2 (from SAM-2==1.0->-r requirements.txt (line 10))
  Downloading http://mirrors.aliyun.com/pypi/packages/c6/50/e0edd38dcd63fb26a8547f13d28f7a008bc4a3fd4eb4ff030673f22ad41a/hydra_core-1.3.2-py3-none-any.whl (154 kB)
Collecting iopath>=0.1.10 (from SAM-2==1.0->-r requirements.txt (line 10))
  Downloading http://mirrors.aliyun.com/pypi/packages/72/73/b3d451dfc523756cf177d3ebb0af76dc7751b341c60e2a21871be400ae29/iopath-0.1.10.tar.gz (42 kB)
  Preparing metadata (setup.py): started
  Preparing metadata (setup.py): finished with status 'done'
Requirement already satisfied: pillow>=9.4.0 in /root/miniconda3/lib/python3.12/site-packages (from SAM-2==1.0->-r requirements.txt (line 10)) (11.0.0)
Requirement already satisfied: networkx>=3.0 in /root/miniconda3/lib/python3.12/site-packages (from scikit-image->-r requirements.txt (line 2)) (3.4.2)
Collecting imageio!=2.35.0,>=2.33 (from scikit-image->-r requirements.txt (line 2))
  Downloading http://mirrors.aliyun.com/pypi/packages/cb/bd/b394387b598ed84d8d0fa90611a90bee0adc2021820ad5729f7ced74a8e2/imageio-2.37.0-py3-none-any.whl (315 kB)
Collecting tifffile>=2022.8.12 (from scikit-image->-r requirements.txt (line 2))
  Downloading http://mirrors.aliyun.com/pypi/packages/e6/5e/56c751afab61336cf0e7aa671b134255a30f15f59cd9e04f59c598a37ff5/tifffile-2025.10.16-py3-none-any.whl (231 kB)
Requirement already satisfied: packaging>=21 in /root/miniconda3/lib/python3.12/site-packages (from scikit-image->-r requirements.txt (line 2)) (23.2)
Collecting lazy-loader>=0.4 (from scikit-image->-r requirements.txt (line 2))
  Downloading http://mirrors.aliyun.com/pypi/packages/83/60/d497a310bde3f01cb805196ac61b7ad6dc5dcf8dce66634dc34364b20b4f/lazy_loader-0.4-py3-none-any.whl (12 kB)
Requirement already satisfied: filelock in /root/miniconda3/lib/python3.12/site-packages (from transformers->-r requirements.txt (line 4)) (3.16.1)
Requirement already satisfied: huggingface-hub<1.0,>=0.34.0 in /root/miniconda3/lib/python3.12/site-packages (from transformers->-r requirements.txt (line 4)) (0.35.3)
Requirement already satisfied: pyyaml>=5.1 in /root/miniconda3/lib/python3.12/site-packages (from transformers->-r requirements.txt (line 4)) (6.0.2)
Requirement already satisfied: regex!=2019.12.17 in /root/miniconda3/lib/python3.12/site-packages (from transformers->-r requirements.txt (line 4)) (2025.9.18)
Requirement already satisfied: requests in /root/miniconda3/lib/python3.12/site-packages (from transformers->-r requirements.txt (line 4)) (2.31.0)
Requirement already satisfied: tokenizers<=0.23.0,>=0.22.0 in /root/miniconda3/lib/python3.12/site-packages (from transformers->-r requirements.txt (line 4)) (0.22.1)
Requirement already satisfied: safetensors>=0.4.3 in /root/miniconda3/lib/python3.12/site-packages (from transformers->-r requirements.txt (line 4)) (0.6.2)
Requirement already satisfied: fsspec>=2023.5.0 in /root/miniconda3/lib/python3.12/site-packages (from huggingface-hub<1.0,>=0.34.0->transformers->-r requirements.txt (line 4)) (2024.10.0)
Requirement already satisfied: typing-extensions>=3.7.4.3 in /root/miniconda3/lib/python3.12/site-packages (from huggingface-hub<1.0,>=0.34.0->transformers->-r requirements.txt (line 4)) (4.15.0)
Requirement already satisfied: hf-xet<2.0.0,>=1.1.3 in /root/miniconda3/lib/python3.12/site-packages (from huggingface-hub<1.0,>=0.34.0->transformers->-r requirements.txt (line 4)) (1.1.10)
Requirement already satisfied: contourpy>=1.0.1 in /root/miniconda3/lib/python3.12/site-packages (from matplotlib->-r requirements.txt (line 9)) (1.3.1)
Requirement already satisfied: cycler>=0.10 in /root/miniconda3/lib/python3.12/site-packages (from matplotlib->-r requirements.txt (line 9)) (0.12.1)
Requirement already satisfied: fonttools>=4.22.0 in /root/miniconda3/lib/python3.12/site-packages (from matplotlib->-r requirements.txt (line 9)) (4.55.0)
Requirement already satisfied: kiwisolver>=1.3.1 in /root/miniconda3/lib/python3.12/site-packages (from matplotlib->-r requirements.txt (line 9)) (1.4.7)
Requirement already satisfied: pyparsing>=2.3.1 in /root/miniconda3/lib/python3.12/site-packages (from matplotlib->-r requirements.txt (line 9)) (3.2.0)
Requirement already satisfied: python-dateutil>=2.7 in /root/miniconda3/lib/python3.12/site-packages (from matplotlib->-r requirements.txt (line 9)) (2.9.0.post0)
Collecting omegaconf<2.4,>=2.2 (from hydra-core>=1.3.2->SAM-2==1.0->-r requirements.txt (line 10))
  Downloading http://mirrors.aliyun.com/pypi/packages/e3/94/1843518e420fa3ed6919835845df698c7e27e183cb997394e4a670973a65/omegaconf-2.3.0-py3-none-any.whl (79 kB)
Collecting antlr4-python3-runtime==4.9.* (from hydra-core>=1.3.2->SAM-2==1.0->-r requirements.txt (line 10))
  Downloading http://mirrors.aliyun.com/pypi/packages/3e/38/7859ff46355f76f8d19459005ca000b6e7012f2f1ca597746cbcd1fbfe5e/antlr4-python3-runtime-4.9.3.tar.gz (117 kB)
  Preparing metadata (setup.py): started
  Preparing metadata (setup.py): finished with status 'done'
Collecting portalocker (from iopath>=0.1.10->SAM-2==1.0->-r requirements.txt (line 10))
  Downloading http://mirrors.aliyun.com/pypi/packages/4b/a6/38c8e2f318bf67d338f4d629e93b0b4b9af331f455f0390ea8ce4a099b26/portalocker-3.2.0-py3-none-any.whl (22 kB)
Requirement already satisfied: six>=1.5 in /root/miniconda3/lib/python3.12/site-packages (from python-dateutil>=2.7->matplotlib->-r requirements.txt (line 9)) (1.16.0)
Requirement already satisfied: jinja2 in /root/miniconda3/lib/python3.12/site-packages (from torch>=2.5.1->SAM-2==1.0->-r requirements.txt (line 10)) (3.1.4)
Requirement already satisfied: nvidia-cuda-nvrtc-cu12==12.4.127 in /root/miniconda3/lib/python3.12/site-packages (from torch>=2.5.1->SAM-2==1.0->-r requirements.txt (line 10)) (12.4.127)
Requirement already satisfied: nvidia-cuda-runtime-cu12==12.4.127 in /root/miniconda3/lib/python3.12/site-packages (from torch>=2.5.1->SAM-2==1.0->-r requirements.txt (line 10)) (12.4.127)
Requirement already satisfied: nvidia-cuda-cupti-cu12==12.4.127 in /root/miniconda3/lib/python3.12/site-packages (from torch>=2.5.1->SAM-2==1.0->-r requirements.txt (line 10)) (12.4.127)
Requirement already satisfied: nvidia-cudnn-cu12==9.1.0.70 in /root/miniconda3/lib/python3.12/site-packages (from torch>=2.5.1->SAM-2==1.0->-r requirements.txt (line 10)) (9.1.0.70)
Requirement already satisfied: nvidia-cublas-cu12==12.4.5.8 in /root/miniconda3/lib/python3.12/site-packages (from torch>=2.5.1->SAM-2==1.0->-r requirements.txt (line 10)) (12.4.5.8)
Requirement already satisfied: nvidia-cufft-cu12==11.2.1.3 in /root/miniconda3/lib/python3.12/site-packages (from torch>=2.5.1->SAM-2==1.0->-r requirements.txt (line 10)) (11.2.1.3)
Requirement already satisfied: nvidia-curand-cu12==10.3.5.147 in /root/miniconda3/lib/python3.12/site-packages (from torch>=2.5.1->SAM-2==1.0->-r requirements.txt (line 10)) (10.3.5.147)
Requirement already satisfied: nvidia-cusolver-cu12==11.6.1.9 in /root/miniconda3/lib/python3.12/site-packages (from torch>=2.5.1->SAM-2==1.0->-r requirements.txt (line 10)) (11.6.1.9)
Requirement already satisfied: nvidia-cusparse-cu12==12.3.1.170 in /root/miniconda3/lib/python3.12/site-packages (from torch>=2.5.1->SAM-2==1.0->-r requirements.txt (line 10)) (12.3.1.170)
Requirement already satisfied: nvidia-nccl-cu12==2.21.5 in /root/miniconda3/lib/python3.12/site-packages (from torch>=2.5.1->SAM-2==1.0->-r requirements.txt (line 10)) (2.21.5)
Requirement already satisfied: nvidia-nvtx-cu12==12.4.127 in /root/miniconda3/lib/python3.12/site-packages (from torch>=2.5.1->SAM-2==1.0->-r requirements.txt (line 10)) (12.4.127)
Requirement already satisfied: nvidia-nvjitlink-cu12==12.4.127 in /root/miniconda3/lib/python3.12/site-packages (from torch>=2.5.1->SAM-2==1.0->-r requirements.txt (line 10)) (12.4.127)
Requirement already satisfied: triton==3.1.0 in /root/miniconda3/lib/python3.12/site-packages (from torch>=2.5.1->SAM-2==1.0->-r requirements.txt (line 10)) (3.1.0)
Requirement already satisfied: setuptools in /root/miniconda3/lib/python3.12/site-packages (from torch>=2.5.1->SAM-2==1.0->-r requirements.txt (line 10)) (69.5.1)
Requirement already satisfied: sympy==1.13.1 in /root/miniconda3/lib/python3.12/site-packages (from torch>=2.5.1->SAM-2==1.0->-r requirements.txt (line 10)) (1.13.1)
Requirement already satisfied: mpmath<1.4,>=1.1.0 in /root/miniconda3/lib/python3.12/site-packages (from sympy==1.13.1->torch>=2.5.1->SAM-2==1.0->-r requirements.txt (line 10)) (1.3.0)
Requirement already satisfied: MarkupSafe>=2.0 in /root/miniconda3/lib/python3.12/site-packages (from jinja2->torch>=2.5.1->SAM-2==1.0->-r requirements.txt (line 10)) (3.0.2)
Requirement already satisfied: charset-normalizer<4,>=2 in /root/miniconda3/lib/python3.12/site-packages (from requests->transformers->-r requirements.txt (line 4)) (2.0.4)
Requirement already satisfied: idna<4,>=2.5 in /root/miniconda3/lib/python3.12/site-packages (from requests->transformers->-r requirements.txt (line 4)) (3.7)
Requirement already satisfied: urllib3<3,>=1.21.1 in /root/miniconda3/lib/python3.12/site-packages (from requests->transformers->-r requirements.txt (line 4)) (2.1.0)
Requirement already satisfied: certifi>=2017.4.17 in /root/miniconda3/lib/python3.12/site-packages (from requests->transformers->-r requirements.txt (line 4)) (2024.2.2)
Building wheels for collected packages: SAM-2, antlr4-python3-runtime, iopath
  Building wheel for SAM-2 (pyproject.toml): started
  Building wheel for SAM-2 (pyproject.toml): finished with status 'done'
  Created wheel for SAM-2: filename=sam_2-1.0-cp312-cp312-linux_x86_64.whl size=526861 sha256=5e8bbf94c1b6491a4a11fa54bc34682f65a99942d96fdbdb772979e9cc91f465
  Stored in directory: /tmp/pip-ephem-wheel-cache-pzeg8lp7/wheels/53/42/6e/0cc240e3a26dbb838e1549e1410ebf131571f287c8e592dbc0
  DEPRECATION: Building 'antlr4-python3-runtime' using the legacy setup.py bdist_wheel mechanism, which will be removed in a future version. pip 25.3 will enforce this behaviour change. A possible replacement is to use the standardized build interface by setting the `--use-pep517` option, (possibly combined with `--no-build-isolation`), or adding a `pyproject.toml` file to the source tree of 'antlr4-python3-runtime'. Discussion can be found at https://github.com/pypa/pip/issues/6334
  Building wheel for antlr4-python3-runtime (setup.py): started
  Building wheel for antlr4-python3-runtime (setup.py): finished with status 'done'
  Created wheel for antlr4-python3-runtime: filename=antlr4_python3_runtime-4.9.3-py3-none-any.whl size=144554 sha256=fd7f962e7e80b69b8321169c7e7fa7f4604639bc47d47c272e06350499661dcc
  Stored in directory: /root/.cache/pip/wheels/99/68/fb/e62a541a4072fdbe337a511b3b0a20ff7d544e38607891a59c
  DEPRECATION: Building 'iopath' using the legacy setup.py bdist_wheel mechanism, which will be removed in a future version. pip 25.3 will enforce this behaviour change. A possible replacement is to use the standardized build interface by setting the `--use-pep517` option, (possibly combined with `--no-build-isolation`), or adding a `pyproject.toml` file to the source tree of 'iopath'. Discussion can be found at https://github.com/pypa/pip/issues/6334
  Building wheel for iopath (setup.py): started
  Building wheel for iopath (setup.py): finished with status 'done'
  Created wheel for iopath: filename=iopath-0.1.10-py3-none-any.whl size=31532 sha256=6d72f21741a65a0ad0c175502ec39ade74c0c710fc66106d5db0660dd936763a
  Stored in directory: /root/.cache/pip/wheels/45/5a/9e/c761be3a48ed98cb921895ece7712af8cdf523f528b2f1f691
Successfully built SAM-2 antlr4-python3-runtime iopath
Installing collected packages: segment-anything, antlr4-python3-runtime, tifffile, portalocker, piexif, opencv-python-headless, omegaconf, lazy-loader, imageio, dill, scikit-image, iopath, hydra-core, SAM-2

Successfully installed SAM-2-1.0 antlr4-python3-runtime-4.9.3 dill-0.4.0 hydra-core-1.3.2 imageio-2.37.0 iopath-0.1.10 lazy-loader-0.4 omegaconf-2.3.0 opencv-python-headless-4.12.0.88 piexif-1.1.3 portalocker-3.2.0 scikit-image-0.25.2 segment-anything-1.0 tifffile-2025.10.16
WARNING: Running pip as the 'root' user can result in broken permissions and conflicting behaviour with the system package manager, possibly rendering your system unusable. It is recommended to use a virtual environment instead: https://pip.pypa.io/warnings/venv. Use the --root-user-action option if you know what you are doing and want to suppress this warning.

=== Installing in ComfyUI-Inspire-Pack/ ===
Looking in indexes: http://mirrors.aliyun.com/pypi/simple
Requirement already satisfied: matplotlib in /root/miniconda3/lib/python3.12/site-packages (from -r requirements.txt (line 1)) (3.9.2)
Collecting cachetools (from -r requirements.txt (line 2))
  Downloading http://mirrors.aliyun.com/pypi/packages/96/c5/1e741d26306c42e2bf6ab740b2202872727e0f606033c9dd713f8b93f5a8/cachetools-6.2.1-py3-none-any.whl (11 kB)
Requirement already satisfied: numpy in /root/miniconda3/lib/python3.12/site-packages (from -r requirements.txt (line 3)) (2.1.3)
Requirement already satisfied: webcolors in /root/miniconda3/lib/python3.12/site-packages (from -r requirements.txt (line 4)) (24.11.1)
Requirement already satisfied: opencv-python in /root/miniconda3/lib/python3.12/site-packages (from -r requirements.txt (line 5)) (4.12.0.88)
Requirement already satisfied: contourpy>=1.0.1 in /root/miniconda3/lib/python3.12/site-packages (from matplotlib->-r requirements.txt (line 1)) (1.3.1)
Requirement already satisfied: cycler>=0.10 in /root/miniconda3/lib/python3.12/site-packages (from matplotlib->-r requirements.txt (line 1)) (0.12.1)
Requirement already satisfied: fonttools>=4.22.0 in /root/miniconda3/lib/python3.12/site-packages (from matplotlib->-r requirements.txt (line 1)) (4.55.0)
Requirement already satisfied: kiwisolver>=1.3.1 in /root/miniconda3/lib/python3.12/site-packages (from matplotlib->-r requirements.txt (line 1)) (1.4.7)
Requirement already satisfied: packaging>=20.0 in /root/miniconda3/lib/python3.12/site-packages (from matplotlib->-r requirements.txt (line 1)) (23.2)
Requirement already satisfied: pillow>=8 in /root/miniconda3/lib/python3.12/site-packages (from matplotlib->-r requirements.txt (line 1)) (11.0.0)
Requirement already satisfied: pyparsing>=2.3.1 in /root/miniconda3/lib/python3.12/site-packages (from matplotlib->-r requirements.txt (line 1)) (3.2.0)
Requirement already satisfied: python-dateutil>=2.7 in /root/miniconda3/lib/python3.12/site-packages (from matplotlib->-r requirements.txt (line 1)) (2.9.0.post0)
Requirement already satisfied: six>=1.5 in /root/miniconda3/lib/python3.12/site-packages (from python-dateutil>=2.7->matplotlib->-r requirements.txt (line 1)) (1.16.0)
Installing collected packages: cachetools
Successfully installed cachetools-6.2.1
WARNING: Running pip as the 'root' user can result in broken permissions and conflicting behaviour with the system package manager, possibly rendering your system unusable. It is recommended to use a virtual environment instead: https://pip.pypa.io/warnings/venv. Use the --root-user-action option if you know what you are doing and want to suppress this warning.

=== Installing in ComfyUI-KJNodes/ ===
Looking in indexes: http://mirrors.aliyun.com/pypi/simple
Requirement already satisfied: pillow>=10.3.0 in /root/miniconda3/lib/python3.12/site-packages (from -r requirements.txt (line 1)) (11.0.0)
Requirement already satisfied: scipy in /root/miniconda3/lib/python3.12/site-packages (from -r requirements.txt (line 2)) (1.16.2)
Collecting color-matcher (from -r requirements.txt (line 3))
  Downloading http://mirrors.aliyun.com/pypi/packages/a0/3a/f3c2c5012f59235ff5885db7cc75dc209eca90e42ae3728db56f8a9e28a4/color_matcher-0.6.0-py3-none-any.whl (1.8 MB)
     ━━━━━━━━━━━━━━━━━━━━━━━━━━━━━━━━━━━━━━━━ 1.8/1.8 MB 3.7 MB/s  0:00:00
Requirement already satisfied: matplotlib in /root/miniconda3/lib/python3.12/site-packages (from -r requirements.txt (line 4)) (3.9.2)
Requirement already satisfied: huggingface_hub in /root/miniconda3/lib/python3.12/site-packages (from -r requirements.txt (line 5)) (0.35.3)
Collecting mss (from -r requirements.txt (line 6))
  Downloading http://mirrors.aliyun.com/pypi/packages/23/28/1e3e5cd1d677cca68b26166f704f72e35b1e8b6d5076d8ebeebc4e40a649/mss-10.1.0-py3-none-any.whl (24 kB)
Requirement already satisfied: opencv-python in /root/miniconda3/lib/python3.12/site-packages (from -r requirements.txt (line 7)) (4.12.0.88)
Requirement already satisfied: numpy<2.6,>=1.25.2 in /root/miniconda3/lib/python3.12/site-packages (from scipy->-r requirements.txt (line 2)) (2.1.3)
Collecting ddt (from color-matcher->-r requirements.txt (line 3))
  Downloading http://mirrors.aliyun.com/pypi/packages/61/7c/38d1aec205833096eddefcbb3492fbb2c886e74174c72bc160da9522b2f0/ddt-1.7.2-py2.py3-none-any.whl (7.1 kB)
Collecting docutils (from color-matcher->-r requirements.txt (line 3))
  Downloading http://mirrors.aliyun.com/pypi/packages/66/dd/f95350e853a4468ec37478414fc04ae2d61dad7a947b3015c3dcc51a09b9/docutils-0.22.2-py3-none-any.whl (632 kB)
     ━━━━━━━━━━━━━━━━━━━━━━━━━━━━━━━━━━━━━━━━ 632.7/632.7 kB 3.0 MB/s  0:00:00
Requirement already satisfied: imageio in /root/miniconda3/lib/python3.12/site-packages (from color-matcher->-r requirements.txt (line 3)) (2.37.0)
Collecting packaging>=24.2 (from color-matcher->-r requirements.txt (line 3))
  Downloading http://mirrors.aliyun.com/pypi/packages/20/12/38679034af332785aac8774540895e234f4d07f7545804097de4b666afd8/packaging-25.0-py3-none-any.whl (66 kB)
Requirement already satisfied: contourpy>=1.0.1 in /root/miniconda3/lib/python3.12/site-packages (from matplotlib->-r requirements.txt (line 4)) (1.3.1)
Requirement already satisfied: cycler>=0.10 in /root/miniconda3/lib/python3.12/site-packages (from matplotlib->-r requirements.txt (line 4)) (0.12.1)
Requirement already satisfied: fonttools>=4.22.0 in /root/miniconda3/lib/python3.12/site-packages (from matplotlib->-r requirements.txt (line 4)) (4.55.0)
Requirement already satisfied: kiwisolver>=1.3.1 in /root/miniconda3/lib/python3.12/site-packages (from matplotlib->-r requirements.txt (line 4)) (1.4.7)
Requirement already satisfied: pyparsing>=2.3.1 in /root/miniconda3/lib/python3.12/site-packages (from matplotlib->-r requirements.txt (line 4)) (3.2.0)
Requirement already satisfied: python-dateutil>=2.7 in /root/miniconda3/lib/python3.12/site-packages (from matplotlib->-r requirements.txt (line 4)) (2.9.0.post0)
Requirement already satisfied: filelock in /root/miniconda3/lib/python3.12/site-packages (from huggingface_hub->-r requirements.txt (line 5)) (3.16.1)
Requirement already satisfied: fsspec>=2023.5.0 in /root/miniconda3/lib/python3.12/site-packages (from huggingface_hub->-r requirements.txt (line 5)) (2024.10.0)
Requirement already satisfied: pyyaml>=5.1 in /root/miniconda3/lib/python3.12/site-packages (from huggingface_hub->-r requirements.txt (line 5)) (6.0.2)
Requirement already satisfied: requests in /root/miniconda3/lib/python3.12/site-packages (from huggingface_hub->-r requirements.txt (line 5)) (2.31.0)
Requirement already satisfied: tqdm>=4.42.1 in /root/miniconda3/lib/python3.12/site-packages (from huggingface_hub->-r requirements.txt (line 5)) (4.66.2)
Requirement already satisfied: typing-extensions>=3.7.4.3 in /root/miniconda3/lib/python3.12/site-packages (from huggingface_hub->-r requirements.txt (line 5)) (4.15.0)
Requirement already satisfied: hf-xet<2.0.0,>=1.1.3 in /root/miniconda3/lib/python3.12/site-packages (from huggingface_hub->-r requirements.txt (line 5)) (1.1.10)
Requirement already satisfied: six>=1.5 in /root/miniconda3/lib/python3.12/site-packages (from python-dateutil>=2.7->matplotlib->-r requirements.txt (line 4)) (1.16.0)
Requirement already satisfied: charset-normalizer<4,>=2 in /root/miniconda3/lib/python3.12/site-packages (from requests->huggingface_hub->-r requirements.txt (line 5)) (2.0.4)
Requirement already satisfied: idna<4,>=2.5 in /root/miniconda3/lib/python3.12/site-packages (from requests->huggingface_hub->-r requirements.txt (line 5)) (3.7)
Requirement already satisfied: urllib3<3,>=1.21.1 in /root/miniconda3/lib/python3.12/site-packages (from requests->huggingface_hub->-r requirements.txt (line 5)) (2.1.0)
Requirement already satisfied: certifi>=2017.4.17 in /root/miniconda3/lib/python3.12/site-packages (from requests->huggingface_hub->-r requirements.txt (line 5)) (2024.2.2)
Installing collected packages: ddt, packaging, mss, docutils, color-matcher
  Attempting uninstall: packaging
    Found existing installation: packaging 23.2
    Uninstalling packaging-23.2:
      Successfully uninstalled packaging-23.2

Successfully installed color-matcher-0.6.0 ddt-1.7.2 docutils-0.22.2 mss-10.1.0 packaging-25.0
WARNING: Running pip as the 'root' user can result in broken permissions and conflicting behaviour with the system package manager, possibly rendering your system unusable. It is recommended to use a virtual environment instead: https://pip.pypa.io/warnings/venv. Use the --root-user-action option if you know what you are doing and want to suppress this warning.

=== Installing in ComfyUI-Manager/ ===
Looking in indexes: http://mirrors.aliyun.com/pypi/simple
Collecting GitPython (from -r requirements.txt (line 1))
  Downloading http://mirrors.aliyun.com/pypi/packages/01/61/d4b89fec821f72385526e1b9d9a3a0385dda4a72b206d28049e2c7cd39b8/gitpython-3.1.45-py3-none-any.whl (208 kB)
Collecting PyGithub (from -r requirements.txt (line 2))
  Downloading http://mirrors.aliyun.com/pypi/packages/07/ba/7049ce39f653f6140aac4beb53a5aaf08b4407b6a3019aae394c1c5244ff/pygithub-2.8.1-py3-none-any.whl (432 kB)
Collecting matrix-nio (from -r requirements.txt (line 3))
  Downloading http://mirrors.aliyun.com/pypi/packages/7b/0f/8b958d46e23ed4f69d2cffd63b46bb097a1155524e2e7f5c4279c8691c4a/matrix_nio-0.25.2-py3-none-any.whl (181 kB)
Requirement already satisfied: transformers in /root/miniconda3/lib/python3.12/site-packages (from -r requirements.txt (line 4)) (4.57.1)
Requirement already satisfied: huggingface-hub>0.20 in /root/miniconda3/lib/python3.12/site-packages (from -r requirements.txt (line 5)) (0.35.3)
Collecting typer (from -r requirements.txt (line 6))
  Downloading http://mirrors.aliyun.com/pypi/packages/00/22/35617eee79080a5d071d0f14ad698d325ee6b3bf824fc0467c03b30e7fa8/typer-0.19.2-py3-none-any.whl (46 kB)
Collecting rich (from -r requirements.txt (line 7))
  Downloading http://mirrors.aliyun.com/pypi/packages/25/7a/b0178788f8dc6cafce37a212c99565fa1fe7872c70c6c9c1e1a372d9d88f/rich-14.2.0-py3-none-any.whl (243 kB)
Requirement already satisfied: typing-extensions in /root/miniconda3/lib/python3.12/site-packages (from -r requirements.txt (line 8)) (4.15.0)
Collecting toml (from -r requirements.txt (line 9))
  Downloading http://mirrors.aliyun.com/pypi/packages/44/6f/7120676b6d73228c96e17f1f794d8ab046fc910d781c8d151120c3f1569e/toml-0.10.2-py2.py3-none-any.whl (16 kB)
Collecting uv (from -r requirements.txt (line 10))
  Downloading http://mirrors.aliyun.com/pypi/packages/fa/8a/235e90024d54aa62a5a4f0afe05ae2be3d039ecb90e3cc0048e50bb14b8d/uv-0.9.4-py3-none-manylinux_2_17_x86_64.manylinux2014_x86_64.whl (21.3 MB)
     ━━━━━━━━━━━━━━━━━━━━━━━━━━━━━━━━━━━━━━━━ 21.3/21.3 MB 5.0 MB/s  0:00:04
Collecting chardet (from -r requirements.txt (line 11))
  Downloading http://mirrors.aliyun.com/pypi/packages/38/6f/f5fbc992a329ee4e0f288c1fe0e2ad9485ed064cac731ed2fe47dcc38cbf/chardet-5.2.0-py3-none-any.whl (199 kB)
Collecting gitdb<5,>=4.0.1 (from GitPython->-r requirements.txt (line 1))
  Downloading http://mirrors.aliyun.com/pypi/packages/a0/61/5c78b91c3143ed5c14207f463aecfc8f9dbb5092fb2869baf37c273b2705/gitdb-4.0.12-py3-none-any.whl (62 kB)
Collecting smmap<6,>=3.0.1 (from gitdb<5,>=4.0.1->GitPython->-r requirements.txt (line 1))
  Downloading http://mirrors.aliyun.com/pypi/packages/04/be/d09147ad1ec7934636ad912901c5fd7667e1c858e19d355237db0d0cd5e4/smmap-5.0.2-py3-none-any.whl (24 kB)
Collecting pynacl>=1.4.0 (from PyGithub->-r requirements.txt (line 2))
  Downloading http://mirrors.aliyun.com/pypi/packages/12/30/5efcef3406940cda75296c6d884090b8a9aad2dcc0c304daebb5ae99fb4a/pynacl-1.6.0-cp38-abi3-manylinux_2_34_x86_64.whl (1.4 MB)
     ━━━━━━━━━━━━━━━━━━━━━━━━━━━━━━━━━━━━━━━━ 1.4/1.4 MB 5.2 MB/s  0:00:00
Requirement already satisfied: requests>=2.14.0 in /root/miniconda3/lib/python3.12/site-packages (from PyGithub->-r requirements.txt (line 2)) (2.31.0)
Collecting pyjwt>=2.4.0 (from pyjwt[crypto]>=2.4.0->PyGithub->-r requirements.txt (line 2))
  Downloading http://mirrors.aliyun.com/pypi/packages/61/ad/689f02752eeec26aed679477e80e632ef1b682313be70793d798c1d5fc8f/PyJWT-2.10.1-py3-none-any.whl (22 kB)
Requirement already satisfied: urllib3>=1.26.0 in /root/miniconda3/lib/python3.12/site-packages (from PyGithub->-r requirements.txt (line 2)) (2.1.0)
Requirement already satisfied: aiohttp~=3.10 in /root/miniconda3/lib/python3.12/site-packages (from matrix-nio->-r requirements.txt (line 3)) (3.13.1)
Collecting aiofiles~=24.1 (from matrix-nio->-r requirements.txt (line 3))
  Downloading http://mirrors.aliyun.com/pypi/packages/a5/45/30bb92d442636f570cb5651bc661f52b610e2eec3f891a5dc3a4c3667db0/aiofiles-24.1.0-py3-none-any.whl (15 kB)
Requirement already satisfied: h11~=0.14 in /root/miniconda3/lib/python3.12/site-packages (from matrix-nio->-r requirements.txt (line 3)) (0.14.0)
Collecting h2~=4.0 (from matrix-nio->-r requirements.txt (line 3))
  Downloading http://mirrors.aliyun.com/pypi/packages/69/b2/119f6e6dcbd96f9069ce9a2665e0146588dc9f88f29549711853645e736a/h2-4.3.0-py3-none-any.whl (61 kB)
Requirement already satisfied: jsonschema~=4.14 in /root/miniconda3/lib/python3.12/site-packages (from matrix-nio->-r requirements.txt (line 3)) (4.23.0)
Collecting unpaddedbase64~=2.1 (from matrix-nio->-r requirements.txt (line 3))
  Downloading http://mirrors.aliyun.com/pypi/packages/4c/a7/563b2d8fb7edc07320bf69ac6a7eedcd7a1a9d663a6bb90a4d9bd2eda5f7/unpaddedbase64-2.1.0-py3-none-any.whl (6.1 kB)
Collecting pycryptodome~=3.10 (from matrix-nio->-r requirements.txt (line 3))
  Downloading http://mirrors.aliyun.com/pypi/packages/5f/e9/a09476d436d0ff1402ac3867d933c61805ec2326c6ea557aeeac3825604e/pycryptodome-3.23.0-cp37-abi3-manylinux_2_17_x86_64.manylinux2014_x86_64.whl (2.3 MB)
     ━━━━━━━━━━━━━━━━━━━━━━━━━━━━━━━━━━━━━━━━ 2.3/2.3 MB 5.2 MB/s  0:00:00
Collecting aiohttp-socks~=0.8 (from matrix-nio->-r requirements.txt (line 3))
  Downloading http://mirrors.aliyun.com/pypi/packages/d3/04/7ff144f7465e83cf87459ffd74688871918496acd4816507cca1af5623d3/aiohttp_socks-0.10.1-py3-none-any.whl (10 kB)
Requirement already satisfied: aiohappyeyeballs>=2.5.0 in /root/miniconda3/lib/python3.12/site-packages (from aiohttp~=3.10->matrix-nio->-r requirements.txt (line 3)) (2.6.1)
Requirement already satisfied: aiosignal>=1.4.0 in /root/miniconda3/lib/python3.12/site-packages (from aiohttp~=3.10->matrix-nio->-r requirements.txt (line 3)) (1.4.0)
Requirement already satisfied: attrs>=17.3.0 in /root/miniconda3/lib/python3.12/site-packages (from aiohttp~=3.10->matrix-nio->-r requirements.txt (line 3)) (24.2.0)
Requirement already satisfied: frozenlist>=1.1.1 in /root/miniconda3/lib/python3.12/site-packages (from aiohttp~=3.10->matrix-nio->-r requirements.txt (line 3)) (1.8.0)
Requirement already satisfied: multidict<7.0,>=4.5 in /root/miniconda3/lib/python3.12/site-packages (from aiohttp~=3.10->matrix-nio->-r requirements.txt (line 3)) (6.7.0)
Requirement already satisfied: propcache>=0.2.0 in /root/miniconda3/lib/python3.12/site-packages (from aiohttp~=3.10->matrix-nio->-r requirements.txt (line 3)) (0.4.1)
Requirement already satisfied: yarl<2.0,>=1.17.0 in /root/miniconda3/lib/python3.12/site-packages (from aiohttp~=3.10->matrix-nio->-r requirements.txt (line 3)) (1.22.0)
Collecting python-socks<3.0.0,>=2.4.3 (from python-socks[asyncio]<3.0.0,>=2.4.3->aiohttp-socks~=0.8->matrix-nio->-r requirements.txt (line 3))
  Downloading http://mirrors.aliyun.com/pypi/packages/8d/e6/1fdebffa733e79e67b43ee8930e4e5049eb51eae3608caeafc83518798aa/python_socks-2.7.2-py3-none-any.whl (55 kB)
Collecting hyperframe<7,>=6.1 (from h2~=4.0->matrix-nio->-r requirements.txt (line 3))
  Downloading http://mirrors.aliyun.com/pypi/packages/48/30/47d0bf6072f7252e6521f3447ccfa40b421b6824517f82854703d0f5a98b/hyperframe-6.1.0-py3-none-any.whl (13 kB)
Collecting hpack<5,>=4.1 (from h2~=4.0->matrix-nio->-r requirements.txt (line 3))
  Downloading http://mirrors.aliyun.com/pypi/packages/07/c6/80c95b1b2b94682a72cbdbfb85b81ae2daffa4291fbfa1b1464502ede10d/hpack-4.1.0-py3-none-any.whl (34 kB)
Requirement already satisfied: jsonschema-specifications>=2023.03.6 in /root/miniconda3/lib/python3.12/site-packages (from jsonschema~=4.14->matrix-nio->-r requirements.txt (line 3)) (2024.10.1)
Requirement already satisfied: referencing>=0.28.4 in /root/miniconda3/lib/python3.12/site-packages (from jsonschema~=4.14->matrix-nio->-r requirements.txt (line 3)) (0.35.1)
Requirement already satisfied: rpds-py>=0.7.1 in /root/miniconda3/lib/python3.12/site-packages (from jsonschema~=4.14->matrix-nio->-r requirements.txt (line 3)) (0.21.0)
Requirement already satisfied: idna>=2.0 in /root/miniconda3/lib/python3.12/site-packages (from yarl<2.0,>=1.17.0->aiohttp~=3.10->matrix-nio->-r requirements.txt (line 3)) (3.7)
Requirement already satisfied: filelock in /root/miniconda3/lib/python3.12/site-packages (from transformers->-r requirements.txt (line 4)) (3.16.1)
Requirement already satisfied: numpy>=1.17 in /root/miniconda3/lib/python3.12/site-packages (from transformers->-r requirements.txt (line 4)) (2.1.3)
Requirement already satisfied: packaging>=20.0 in /root/miniconda3/lib/python3.12/site-packages (from transformers->-r requirements.txt (line 4)) (25.0)
Requirement already satisfied: pyyaml>=5.1 in /root/miniconda3/lib/python3.12/site-packages (from transformers->-r requirements.txt (line 4)) (6.0.2)
Requirement already satisfied: regex!=2019.12.17 in /root/miniconda3/lib/python3.12/site-packages (from transformers->-r requirements.txt (line 4)) (2025.9.18)
Requirement already satisfied: tokenizers<=0.23.0,>=0.22.0 in /root/miniconda3/lib/python3.12/site-packages (from transformers->-r requirements.txt (line 4)) (0.22.1)
Requirement already satisfied: safetensors>=0.4.3 in /root/miniconda3/lib/python3.12/site-packages (from transformers->-r requirements.txt (line 4)) (0.6.2)
Requirement already satisfied: tqdm>=4.27 in /root/miniconda3/lib/python3.12/site-packages (from transformers->-r requirements.txt (line 4)) (4.66.2)
Requirement already satisfied: fsspec>=2023.5.0 in /root/miniconda3/lib/python3.12/site-packages (from huggingface-hub>0.20->-r requirements.txt (line 5)) (2024.10.0)
Requirement already satisfied: hf-xet<2.0.0,>=1.1.3 in /root/miniconda3/lib/python3.12/site-packages (from huggingface-hub>0.20->-r requirements.txt (line 5)) (1.1.10)
Collecting click>=8.0.0 (from typer->-r requirements.txt (line 6))
  Downloading http://mirrors.aliyun.com/pypi/packages/db/d3/9dcc0f5797f070ec8edf30fbadfb200e71d9db6b84d211e3b2085a7589a0/click-8.3.0-py3-none-any.whl (107 kB)
Collecting shellingham>=1.3.0 (from typer->-r requirements.txt (line 6))
  Downloading http://mirrors.aliyun.com/pypi/packages/e0/f9/0595336914c5619e5f28a1fb793285925a8cd4b432c9da0a987836c7f822/shellingham-1.5.4-py2.py3-none-any.whl (9.8 kB)
Collecting markdown-it-py>=2.2.0 (from rich->-r requirements.txt (line 7))
  Downloading http://mirrors.aliyun.com/pypi/packages/94/54/e7d793b573f298e1c9013b8c4dade17d481164aa517d1d7148619c2cedbf/markdown_it_py-4.0.0-py3-none-any.whl (87 kB)
Requirement already satisfied: pygments<3.0.0,>=2.13.0 in /root/miniconda3/lib/python3.12/site-packages (from rich->-r requirements.txt (line 7)) (2.18.0)
Collecting mdurl~=0.1 (from markdown-it-py>=2.2.0->rich->-r requirements.txt (line 7))
  Downloading http://mirrors.aliyun.com/pypi/packages/b3/38/89ba8ad64ae25be8de66a6d463314cf1eb366222074cfda9ee839c56a4b4/mdurl-0.1.2-py3-none-any.whl (10.0 kB)
Requirement already satisfied: cryptography>=3.4.0 in /root/miniconda3/lib/python3.12/site-packages (from pyjwt[crypto]>=2.4.0->PyGithub->-r requirements.txt (line 2)) (42.0.5)
Requirement already satisfied: cffi>=1.12 in /root/miniconda3/lib/python3.12/site-packages (from cryptography>=3.4.0->pyjwt[crypto]>=2.4.0->PyGithub->-r requirements.txt (line 2)) (1.16.0)
Requirement already satisfied: pycparser in /root/miniconda3/lib/python3.12/site-packages (from cffi>=1.12->cryptography>=3.4.0->pyjwt[crypto]>=2.4.0->PyGithub->-r requirements.txt (line 2)) (2.21)
Requirement already satisfied: charset-normalizer<4,>=2 in /root/miniconda3/lib/python3.12/site-packages (from requests>=2.14.0->PyGithub->-r requirements.txt (line 2)) (2.0.4)
Requirement already satisfied: certifi>=2017.4.17 in /root/miniconda3/lib/python3.12/site-packages (from requests>=2.14.0->PyGithub->-r requirements.txt (line 2)) (2024.2.2)
Installing collected packages: uv, unpaddedbase64, toml, smmap, shellingham, python-socks, pyjwt, pycryptodome, mdurl, hyperframe, hpack, click, chardet, aiofiles, pynacl, markdown-it-py, h2, gitdb, rich, GitPython, aiohttp-socks, typer, PyGithub, matrix-nio

Successfully installed GitPython-3.1.45 PyGithub-2.8.1 aiofiles-24.1.0 aiohttp-socks-0.10.1 chardet-5.2.0 click-8.3.0 gitdb-4.0.12 h2-4.3.0 hpack-4.1.0 hyperframe-6.1.0 markdown-it-py-4.0.0 matrix-nio-0.25.2 mdurl-0.1.2 pycryptodome-3.23.0 pyjwt-2.10.1 pynacl-1.6.0 python-socks-2.7.2 rich-14.2.0 shellingham-1.5.4 smmap-5.0.2 toml-0.10.2 typer-0.19.2 unpaddedbase64-2.1.0 uv-0.9.4
WARNING: Running pip as the 'root' user can result in broken permissions and conflicting behaviour with the system package manager, possibly rendering your system unusable. It is recommended to use a virtual environment instead: https://pip.pypa.io/warnings/venv. Use the --root-user-action option if you know what you are doing and want to suppress this warning.

=== Installing in ComfyUI-TeaCache/ ===
Looking in indexes: http://mirrors.aliyun.com/pypi/simple
Requirement already satisfied: einops>=0.7.0 in /root/miniconda3/lib/python3.12/site-packages (from -r requirements.txt (line 1)) (0.8.1)
Requirement already satisfied: diffusers>=0.31.0 in /root/miniconda3/lib/python3.12/site-packages (from -r requirements.txt (line 2)) (0.35.2)
Requirement already satisfied: importlib_metadata in /root/miniconda3/lib/python3.12/site-packages (from diffusers>=0.31.0->-r requirements.txt (line 2)) (8.7.0)
Requirement already satisfied: filelock in /root/miniconda3/lib/python3.12/site-packages (from diffusers>=0.31.0->-r requirements.txt (line 2)) (3.16.1)
Requirement already satisfied: huggingface-hub>=0.34.0 in /root/miniconda3/lib/python3.12/site-packages (from diffusers>=0.31.0->-r requirements.txt (line 2)) (0.35.3)
Requirement already satisfied: numpy in /root/miniconda3/lib/python3.12/site-packages (from diffusers>=0.31.0->-r requirements.txt (line 2)) (2.1.3)
Requirement already satisfied: regex!=2019.12.17 in /root/miniconda3/lib/python3.12/site-packages (from diffusers>=0.31.0->-r requirements.txt (line 2)) (2025.9.18)
Requirement already satisfied: requests in /root/miniconda3/lib/python3.12/site-packages (from diffusers>=0.31.0->-r requirements.txt (line 2)) (2.31.0)
Requirement already satisfied: safetensors>=0.3.1 in /root/miniconda3/lib/python3.12/site-packages (from diffusers>=0.31.0->-r requirements.txt (line 2)) (0.6.2)
Requirement already satisfied: Pillow in /root/miniconda3/lib/python3.12/site-packages (from diffusers>=0.31.0->-r requirements.txt (line 2)) (11.0.0)
Requirement already satisfied: fsspec>=2023.5.0 in /root/miniconda3/lib/python3.12/site-packages (from huggingface-hub>=0.34.0->diffusers>=0.31.0->-r requirements.txt (line 2)) (2024.10.0)
Requirement already satisfied: packaging>=20.9 in /root/miniconda3/lib/python3.12/site-packages (from huggingface-hub>=0.34.0->diffusers>=0.31.0->-r requirements.txt (line 2)) (25.0)
Requirement already satisfied: pyyaml>=5.1 in /root/miniconda3/lib/python3.12/site-packages (from huggingface-hub>=0.34.0->diffusers>=0.31.0->-r requirements.txt (line 2)) (6.0.2)
Requirement already satisfied: tqdm>=4.42.1 in /root/miniconda3/lib/python3.12/site-packages (from huggingface-hub>=0.34.0->diffusers>=0.31.0->-r requirements.txt (line 2)) (4.66.2)
Requirement already satisfied: typing-extensions>=3.7.4.3 in /root/miniconda3/lib/python3.12/site-packages (from huggingface-hub>=0.34.0->diffusers>=0.31.0->-r requirements.txt (line 2)) (4.15.0)
Requirement already satisfied: hf-xet<2.0.0,>=1.1.3 in /root/miniconda3/lib/python3.12/site-packages (from huggingface-hub>=0.34.0->diffusers>=0.31.0->-r requirements.txt (line 2)) (1.1.10)
Requirement already satisfied: zipp>=3.20 in /root/miniconda3/lib/python3.12/site-packages (from importlib_metadata->diffusers>=0.31.0->-r requirements.txt (line 2)) (3.23.0)
Requirement already satisfied: charset-normalizer<4,>=2 in /root/miniconda3/lib/python3.12/site-packages (from requests->diffusers>=0.31.0->-r requirements.txt (line 2)) (2.0.4)
Requirement already satisfied: idna<4,>=2.5 in /root/miniconda3/lib/python3.12/site-packages (from requests->diffusers>=0.31.0->-r requirements.txt (line 2)) (3.7)
Requirement already satisfied: urllib3<3,>=1.21.1 in /root/miniconda3/lib/python3.12/site-packages (from requests->diffusers>=0.31.0->-r requirements.txt (line 2)) (2.1.0)
Requirement already satisfied: certifi>=2017.4.17 in /root/miniconda3/lib/python3.12/site-packages (from requests->diffusers>=0.31.0->-r requirements.txt (line 2)) (2024.2.2)
WARNING: Running pip as the 'root' user can result in broken permissions and conflicting behaviour with the system package manager, possibly rendering your system unusable. It is recommended to use a virtual environment instead: https://pip.pypa.io/warnings/venv. Use the --root-user-action option if you know what you are doing and want to suppress this warning.

=== Installing in ComfyUI-VideoHelperSuite/ ===
Looking in indexes: http://mirrors.aliyun.com/pypi/simple
Requirement already satisfied: opencv-python in /root/miniconda3/lib/python3.12/site-packages (from -r requirements.txt (line 1)) (4.12.0.88)
Collecting imageio-ffmpeg (from -r requirements.txt (line 2))
  Downloading http://mirrors.aliyun.com/pypi/packages/a0/2d/43c8522a2038e9d0e7dbdf3a61195ecc31ca576fb1527a528c877e87d973/imageio_ffmpeg-0.6.0-py3-none-manylinux2014_x86_64.whl (29.5 MB)
     ━━━━━━━━━━━━━━━━━━━━━━━━━━━━━━━━━━━━━━━━ 29.5/29.5 MB 2.9 MB/s  0:00:10
Requirement already satisfied: numpy<2.3.0,>=2 in /root/miniconda3/lib/python3.12/site-packages (from opencv-python->-r requirements.txt (line 1)) (2.1.3)
Installing collected packages: imageio-ffmpeg
Successfully installed imageio-ffmpeg-0.6.0
WARNING: Running pip as the 'root' user can result in broken permissions and conflicting behaviour with the system package manager, possibly rendering your system unusable. It is recommended to use a virtual environment instead: https://pip.pypa.io/warnings/venv. Use the --root-user-action option if you know what you are doing and want to suppress this warning.

=== Installing in ComfyUI-WanVideoWrapper/ ===
Looking in indexes: http://mirrors.aliyun.com/pypi/simple
Requirement already satisfied: ftfy in /root/miniconda3/lib/python3.12/site-packages (from -r requirements.txt (line 1)) (6.3.1)
Requirement already satisfied: accelerate>=1.2.1 in /root/miniconda3/lib/python3.12/site-packages (from -r requirements.txt (line 2)) (1.10.1)
Requirement already satisfied: einops in /root/miniconda3/lib/python3.12/site-packages (from -r requirements.txt (line 3)) (0.8.1)
Requirement already satisfied: diffusers>=0.33.0 in /root/miniconda3/lib/python3.12/site-packages (from -r requirements.txt (line 4)) (0.35.2)
Requirement already satisfied: peft>=0.17.0 in /root/miniconda3/lib/python3.12/site-packages (from -r requirements.txt (line 5)) (0.17.1)
Requirement already satisfied: sentencepiece>=0.2.0 in /root/miniconda3/lib/python3.12/site-packages (from -r requirements.txt (line 6)) (0.2.1)
Requirement already satisfied: protobuf in /root/miniconda3/lib/python3.12/site-packages (from -r requirements.txt (line 7)) (5.28.3)
Collecting pyloudnorm (from -r requirements.txt (line 8))
  Downloading http://mirrors.aliyun.com/pypi/packages/58/f5/6724805521ab4e723a12182f92374031032aff28a8a89dc8505c52b79032/pyloudnorm-0.1.1-py3-none-any.whl (9.6 kB)
Collecting gguf>=0.17.1 (from -r requirements.txt (line 9))
  Downloading http://mirrors.aliyun.com/pypi/packages/fc/31/6a93a887617ee7deeaa602ca3d02d1c12a6cb8a742a695de5d128f5fa46a/gguf-0.17.1-py3-none-any.whl (96 kB)
Requirement already satisfied: opencv-python in /root/miniconda3/lib/python3.12/site-packages (from -r requirements.txt (line 10)) (4.12.0.88)
Requirement already satisfied: scipy in /root/miniconda3/lib/python3.12/site-packages (from -r requirements.txt (line 11)) (1.16.2)
Requirement already satisfied: wcwidth in /root/miniconda3/lib/python3.12/site-packages (from ftfy->-r requirements.txt (line 1)) (0.2.13)
Requirement already satisfied: numpy<3.0.0,>=1.17 in /root/miniconda3/lib/python3.12/site-packages (from accelerate>=1.2.1->-r requirements.txt (line 2)) (2.1.3)
Requirement already satisfied: packaging>=20.0 in /root/miniconda3/lib/python3.12/site-packages (from accelerate>=1.2.1->-r requirements.txt (line 2)) (25.0)
Requirement already satisfied: psutil in /root/miniconda3/lib/python3.12/site-packages (from accelerate>=1.2.1->-r requirements.txt (line 2)) (6.1.0)
Requirement already satisfied: pyyaml in /root/miniconda3/lib/python3.12/site-packages (from accelerate>=1.2.1->-r requirements.txt (line 2)) (6.0.2)
Requirement already satisfied: torch>=2.0.0 in /root/miniconda3/lib/python3.12/site-packages (from accelerate>=1.2.1->-r requirements.txt (line 2)) (2.5.1+cu124)
Requirement already satisfied: huggingface_hub>=0.21.0 in /root/miniconda3/lib/python3.12/site-packages (from accelerate>=1.2.1->-r requirements.txt (line 2)) (0.35.3)
Requirement already satisfied: safetensors>=0.4.3 in /root/miniconda3/lib/python3.12/site-packages (from accelerate>=1.2.1->-r requirements.txt (line 2)) (0.6.2)
Requirement already satisfied: importlib_metadata in /root/miniconda3/lib/python3.12/site-packages (from diffusers>=0.33.0->-r requirements.txt (line 4)) (8.7.0)
Requirement already satisfied: filelock in /root/miniconda3/lib/python3.12/site-packages (from diffusers>=0.33.0->-r requirements.txt (line 4)) (3.16.1)
Requirement already satisfied: regex!=2019.12.17 in /root/miniconda3/lib/python3.12/site-packages (from diffusers>=0.33.0->-r requirements.txt (line 4)) (2025.9.18)
Requirement already satisfied: requests in /root/miniconda3/lib/python3.12/site-packages (from diffusers>=0.33.0->-r requirements.txt (line 4)) (2.31.0)
Requirement already satisfied: Pillow in /root/miniconda3/lib/python3.12/site-packages (from diffusers>=0.33.0->-r requirements.txt (line 4)) (11.0.0)
Requirement already satisfied: transformers in /root/miniconda3/lib/python3.12/site-packages (from peft>=0.17.0->-r requirements.txt (line 5)) (4.57.1)
Requirement already satisfied: tqdm in /root/miniconda3/lib/python3.12/site-packages (from peft>=0.17.0->-r requirements.txt (line 5)) (4.66.2)
Collecting future>=0.16.0 (from pyloudnorm->-r requirements.txt (line 8))
  Downloading http://mirrors.aliyun.com/pypi/packages/da/71/ae30dadffc90b9006d77af76b393cb9dfbfc9629f339fc1574a1c52e6806/future-1.0.0-py3-none-any.whl (491 kB)
Requirement already satisfied: fsspec>=2023.5.0 in /root/miniconda3/lib/python3.12/site-packages (from huggingface_hub>=0.21.0->accelerate>=1.2.1->-r requirements.txt (line 2)) (2024.10.0)
Requirement already satisfied: typing-extensions>=3.7.4.3 in /root/miniconda3/lib/python3.12/site-packages (from huggingface_hub>=0.21.0->accelerate>=1.2.1->-r requirements.txt (line 2)) (4.15.0)
Requirement already satisfied: hf-xet<2.0.0,>=1.1.3 in /root/miniconda3/lib/python3.12/site-packages (from huggingface_hub>=0.21.0->accelerate>=1.2.1->-r requirements.txt (line 2)) (1.1.10)
Requirement already satisfied: networkx in /root/miniconda3/lib/python3.12/site-packages (from torch>=2.0.0->accelerate>=1.2.1->-r requirements.txt (line 2)) (3.4.2)
Requirement already satisfied: jinja2 in /root/miniconda3/lib/python3.12/site-packages (from torch>=2.0.0->accelerate>=1.2.1->-r requirements.txt (line 2)) (3.1.4)
Requirement already satisfied: nvidia-cuda-nvrtc-cu12==12.4.127 in /root/miniconda3/lib/python3.12/site-packages (from torch>=2.0.0->accelerate>=1.2.1->-r requirements.txt (line 2)) (12.4.127)
Requirement already satisfied: nvidia-cuda-runtime-cu12==12.4.127 in /root/miniconda3/lib/python3.12/site-packages (from torch>=2.0.0->accelerate>=1.2.1->-r requirements.txt (line 2)) (12.4.127)
Requirement already satisfied: nvidia-cuda-cupti-cu12==12.4.127 in /root/miniconda3/lib/python3.12/site-packages (from torch>=2.0.0->accelerate>=1.2.1->-r requirements.txt (line 2)) (12.4.127)
Requirement already satisfied: nvidia-cudnn-cu12==9.1.0.70 in /root/miniconda3/lib/python3.12/site-packages (from torch>=2.0.0->accelerate>=1.2.1->-r requirements.txt (line 2)) (9.1.0.70)
Requirement already satisfied: nvidia-cublas-cu12==12.4.5.8 in /root/miniconda3/lib/python3.12/site-packages (from torch>=2.0.0->accelerate>=1.2.1->-r requirements.txt (line 2)) (12.4.5.8)
Requirement already satisfied: nvidia-cufft-cu12==11.2.1.3 in /root/miniconda3/lib/python3.12/site-packages (from torch>=2.0.0->accelerate>=1.2.1->-r requirements.txt (line 2)) (11.2.1.3)
Requirement already satisfied: nvidia-curand-cu12==10.3.5.147 in /root/miniconda3/lib/python3.12/site-packages (from torch>=2.0.0->accelerate>=1.2.1->-r requirements.txt (line 2)) (10.3.5.147)
Requirement already satisfied: nvidia-cusolver-cu12==11.6.1.9 in /root/miniconda3/lib/python3.12/site-packages (from torch>=2.0.0->accelerate>=1.2.1->-r requirements.txt (line 2)) (11.6.1.9)
Requirement already satisfied: nvidia-cusparse-cu12==12.3.1.170 in /root/miniconda3/lib/python3.12/site-packages (from torch>=2.0.0->accelerate>=1.2.1->-r requirements.txt (line 2)) (12.3.1.170)
Requirement already satisfied: nvidia-nccl-cu12==2.21.5 in /root/miniconda3/lib/python3.12/site-packages (from torch>=2.0.0->accelerate>=1.2.1->-r requirements.txt (line 2)) (2.21.5)
Requirement already satisfied: nvidia-nvtx-cu12==12.4.127 in /root/miniconda3/lib/python3.12/site-packages (from torch>=2.0.0->accelerate>=1.2.1->-r requirements.txt (line 2)) (12.4.127)
Requirement already satisfied: nvidia-nvjitlink-cu12==12.4.127 in /root/miniconda3/lib/python3.12/site-packages (from torch>=2.0.0->accelerate>=1.2.1->-r requirements.txt (line 2)) (12.4.127)
Requirement already satisfied: triton==3.1.0 in /root/miniconda3/lib/python3.12/site-packages (from torch>=2.0.0->accelerate>=1.2.1->-r requirements.txt (line 2)) (3.1.0)
Requirement already satisfied: setuptools in /root/miniconda3/lib/python3.12/site-packages (from torch>=2.0.0->accelerate>=1.2.1->-r requirements.txt (line 2)) (69.5.1)
Requirement already satisfied: sympy==1.13.1 in /root/miniconda3/lib/python3.12/site-packages (from torch>=2.0.0->accelerate>=1.2.1->-r requirements.txt (line 2)) (1.13.1)
Requirement already satisfied: mpmath<1.4,>=1.1.0 in /root/miniconda3/lib/python3.12/site-packages (from sympy==1.13.1->torch>=2.0.0->accelerate>=1.2.1->-r requirements.txt (line 2)) (1.3.0)
Requirement already satisfied: zipp>=3.20 in /root/miniconda3/lib/python3.12/site-packages (from importlib_metadata->diffusers>=0.33.0->-r requirements.txt (line 4)) (3.23.0)
Requirement already satisfied: MarkupSafe>=2.0 in /root/miniconda3/lib/python3.12/site-packages (from jinja2->torch>=2.0.0->accelerate>=1.2.1->-r requirements.txt (line 2)) (3.0.2)
Requirement already satisfied: charset-normalizer<4,>=2 in /root/miniconda3/lib/python3.12/site-packages (from requests->diffusers>=0.33.0->-r requirements.txt (line 4)) (2.0.4)
Requirement already satisfied: idna<4,>=2.5 in /root/miniconda3/lib/python3.12/site-packages (from requests->diffusers>=0.33.0->-r requirements.txt (line 4)) (3.7)
Requirement already satisfied: urllib3<3,>=1.21.1 in /root/miniconda3/lib/python3.12/site-packages (from requests->diffusers>=0.33.0->-r requirements.txt (line 4)) (2.1.0)
Requirement already satisfied: certifi>=2017.4.17 in /root/miniconda3/lib/python3.12/site-packages (from requests->diffusers>=0.33.0->-r requirements.txt (line 4)) (2024.2.2)
Requirement already satisfied: tokenizers<=0.23.0,>=0.22.0 in /root/miniconda3/lib/python3.12/site-packages (from transformers->peft>=0.17.0->-r requirements.txt (line 5)) (0.22.1)
Installing collected packages: gguf, future, pyloudnorm

Successfully installed future-1.0.0 gguf-0.17.1 pyloudnorm-0.1.1
WARNING: Running pip as the 'root' user can result in broken permissions and conflicting behaviour with the system package manager, possibly rendering your system unusable. It is recommended to use a virtual environment instead: https://pip.pypa.io/warnings/venv. Use the --root-user-action option if you know what you are doing and want to suppress this warning.

=== Installing in ComfyUI-nunchaku/ ===
Looking in indexes: http://mirrors.aliyun.com/pypi/simple
Requirement already satisfied: diffusers>=0.35 in /root/miniconda3/lib/python3.12/site-packages (from -r requirements.txt (line 1)) (0.35.2)
Requirement already satisfied: accelerate in /root/miniconda3/lib/python3.12/site-packages (from -r requirements.txt (line 2)) (1.10.1)
Requirement already satisfied: sentencepiece in /root/miniconda3/lib/python3.12/site-packages (from -r requirements.txt (line 3)) (0.2.1)
Requirement already satisfied: protobuf in /root/miniconda3/lib/python3.12/site-packages (from -r requirements.txt (line 4)) (5.28.3)
Requirement already satisfied: huggingface_hub>=0.34 in /root/miniconda3/lib/python3.12/site-packages (from -r requirements.txt (line 5)) (0.35.3)
Collecting tomli (from -r requirements.txt (line 6))
  Downloading http://mirrors.aliyun.com/pypi/packages/45/e5/7c5119ff39de8693d6baab6c0b6dcb556d192c165596e9fc231ea1052041/tomli-2.3.0-cp312-cp312-manylinux2014_x86_64.manylinux_2_17_x86_64.manylinux_2_28_x86_64.whl (250 kB)
Requirement already satisfied: peft>=0.17 in /root/miniconda3/lib/python3.12/site-packages (from -r requirements.txt (line 7)) (0.17.1)
Collecting insightface (from -r requirements.txt (line 11))
  Downloading http://mirrors.aliyun.com/pypi/packages/0b/8d/0f4af90999ca96cf8cb846eb5ae27c5ef5b390f9c090dd19e4fa76364c13/insightface-0.7.3.tar.gz (439 kB)
  Installing build dependencies: started
  Installing build dependencies: finished with status 'done'
  Getting requirements to build wheel: started
  Getting requirements to build wheel: finished with status 'done'
  Preparing metadata (pyproject.toml): started
  Preparing metadata (pyproject.toml): finished with status 'done'
Requirement already satisfied: opencv-python in /root/miniconda3/lib/python3.12/site-packages (from -r requirements.txt (line 12)) (4.12.0.88)
Collecting facexlib (from -r requirements.txt (line 13))
  Downloading http://mirrors.aliyun.com/pypi/packages/36/7b/2147339dafe1c4800514c9c21ee4444f8b419ce51dfc7695220a8e0069a6/facexlib-0.3.0-py3-none-any.whl (59 kB)
Requirement already satisfied: onnxruntime in /root/miniconda3/lib/python3.12/site-packages (from -r requirements.txt (line 14)) (1.23.1)
Requirement already satisfied: timm in /root/miniconda3/lib/python3.12/site-packages (from -r requirements.txt (line 15)) (1.0.20)
Requirement already satisfied: importlib_metadata in /root/miniconda3/lib/python3.12/site-packages (from diffusers>=0.35->-r requirements.txt (line 1)) (8.7.0)
Requirement already satisfied: filelock in /root/miniconda3/lib/python3.12/site-packages (from diffusers>=0.35->-r requirements.txt (line 1)) (3.16.1)
Requirement already satisfied: numpy in /root/miniconda3/lib/python3.12/site-packages (from diffusers>=0.35->-r requirements.txt (line 1)) (2.1.3)
Requirement already satisfied: regex!=2019.12.17 in /root/miniconda3/lib/python3.12/site-packages (from diffusers>=0.35->-r requirements.txt (line 1)) (2025.9.18)
Requirement already satisfied: requests in /root/miniconda3/lib/python3.12/site-packages (from diffusers>=0.35->-r requirements.txt (line 1)) (2.31.0)
Requirement already satisfied: safetensors>=0.3.1 in /root/miniconda3/lib/python3.12/site-packages (from diffusers>=0.35->-r requirements.txt (line 1)) (0.6.2)
Requirement already satisfied: Pillow in /root/miniconda3/lib/python3.12/site-packages (from diffusers>=0.35->-r requirements.txt (line 1)) (11.0.0)
Requirement already satisfied: packaging>=20.0 in /root/miniconda3/lib/python3.12/site-packages (from accelerate->-r requirements.txt (line 2)) (25.0)
Requirement already satisfied: psutil in /root/miniconda3/lib/python3.12/site-packages (from accelerate->-r requirements.txt (line 2)) (6.1.0)
Requirement already satisfied: pyyaml in /root/miniconda3/lib/python3.12/site-packages (from accelerate->-r requirements.txt (line 2)) (6.0.2)
Requirement already satisfied: torch>=2.0.0 in /root/miniconda3/lib/python3.12/site-packages (from accelerate->-r requirements.txt (line 2)) (2.5.1+cu124)
Requirement already satisfied: fsspec>=2023.5.0 in /root/miniconda3/lib/python3.12/site-packages (from huggingface_hub>=0.34->-r requirements.txt (line 5)) (2024.10.0)
Requirement already satisfied: tqdm>=4.42.1 in /root/miniconda3/lib/python3.12/site-packages (from huggingface_hub>=0.34->-r requirements.txt (line 5)) (4.66.2)
Requirement already satisfied: typing-extensions>=3.7.4.3 in /root/miniconda3/lib/python3.12/site-packages (from huggingface_hub>=0.34->-r requirements.txt (line 5)) (4.15.0)
Requirement already satisfied: hf-xet<2.0.0,>=1.1.3 in /root/miniconda3/lib/python3.12/site-packages (from huggingface_hub>=0.34->-r requirements.txt (line 5)) (1.1.10)
Requirement already satisfied: transformers in /root/miniconda3/lib/python3.12/site-packages (from peft>=0.17->-r requirements.txt (line 7)) (4.57.1)
Collecting onnx (from insightface->-r requirements.txt (line 11))
  Downloading http://mirrors.aliyun.com/pypi/packages/14/fd/cd7a0fd10a04f8cc5ae436b63e0022e236fe51b9dbb8ee6317fd48568c72/onnx-1.19.1-cp312-cp312-manylinux2014_x86_64.manylinux_2_17_x86_64.whl (18.2 MB)
     ━━━━━━━━━━━━━━━━━━━━━━━━━━━━━━━━━━━━━━━━ 18.2/18.2 MB 6.1 MB/s  0:00:03
Requirement already satisfied: matplotlib in /root/miniconda3/lib/python3.12/site-packages (from insightface->-r requirements.txt (line 11)) (3.9.2)
Requirement already satisfied: scipy in /root/miniconda3/lib/python3.12/site-packages (from insightface->-r requirements.txt (line 11)) (1.16.2)
Collecting scikit-learn (from insightface->-r requirements.txt (line 11))
  Downloading http://mirrors.aliyun.com/pypi/packages/5c/d0/0c577d9325b05594fdd33aa970bf53fb673f051a45496842caee13cfd7fe/scikit_learn-1.7.2-cp312-cp312-manylinux2014_x86_64.manylinux_2_17_x86_64.whl (9.5 MB)
     ━━━━━━━━━━━━━━━━━━━━━━━━━━━━━━━━━━━━━━━━ 9.5/9.5 MB 5.9 MB/s  0:00:01
Requirement already satisfied: scikit-image in /root/miniconda3/lib/python3.12/site-packages (from insightface->-r requirements.txt (line 11)) (0.25.2)
Collecting easydict (from insightface->-r requirements.txt (line 11))
  Downloading http://mirrors.aliyun.com/pypi/packages/05/ec/fa6963f1198172c2b75c9ab6ecefb3045991f92f75f5eb41b6621b198123/easydict-1.13-py3-none-any.whl (6.8 kB)
Collecting cython (from insightface->-r requirements.txt (line 11))
  Using cached http://mirrors.aliyun.com/pypi/packages/34/f8/0b98537f0b4e8c01f76d2a6cf75389987538e4d4ac9faf25836fd18c9689/cython-3.1.4-cp312-cp312-manylinux2014_x86_64.manylinux_2_17_x86_64.manylinux_2_28_x86_64.whl (3.3 MB)
Collecting albumentations (from insightface->-r requirements.txt (line 11))
  Downloading http://mirrors.aliyun.com/pypi/packages/8e/64/013409c451a44b61310fb757af4527f3de57fc98a00f40448de28b864290/albumentations-2.0.8-py3-none-any.whl (369 kB)
Collecting prettytable (from insightface->-r requirements.txt (line 11))
  Downloading http://mirrors.aliyun.com/pypi/packages/02/c7/5613524e606ea1688b3bdbf48aa64bafb6d0a4ac3750274c43b6158a390f/prettytable-3.16.0-py3-none-any.whl (33 kB)
Collecting filterpy (from facexlib->-r requirements.txt (line 13))
  Downloading http://mirrors.aliyun.com/pypi/packages/f6/1d/ac8914360460fafa1990890259b7fa5ef7ba4cd59014e782e4ab3ab144d8/filterpy-1.4.5.zip (177 kB)
  Preparing metadata (setup.py): started
  Preparing metadata (setup.py): finished with status 'done'
Collecting numba (from facexlib->-r requirements.txt (line 13))
  Downloading http://mirrors.aliyun.com/pypi/packages/50/5f/6a802741176c93f2ebe97ad90751894c7b0c922b52ba99a4395e79492205/numba-0.62.1-cp312-cp312-manylinux2014_x86_64.manylinux_2_17_x86_64.whl (3.8 MB)
     ━━━━━━━━━━━━━━━━━━━━━━━━━━━━━━━━━━━━━━━━ 3.8/3.8 MB 6.0 MB/s  0:00:00
Requirement already satisfied: torchvision in /root/miniconda3/lib/python3.12/site-packages (from facexlib->-r requirements.txt (line 13)) (0.20.1+cu124)
Requirement already satisfied: coloredlogs in /root/miniconda3/lib/python3.12/site-packages (from onnxruntime->-r requirements.txt (line 14)) (15.0.1)
Requirement already satisfied: flatbuffers in /root/miniconda3/lib/python3.12/site-packages (from onnxruntime->-r requirements.txt (line 14)) (25.9.23)
Requirement already satisfied: sympy in /root/miniconda3/lib/python3.12/site-packages (from onnxruntime->-r requirements.txt (line 14)) (1.13.1)
Requirement already satisfied: networkx in /root/miniconda3/lib/python3.12/site-packages (from torch>=2.0.0->accelerate->-r requirements.txt (line 2)) (3.4.2)
Requirement already satisfied: jinja2 in /root/miniconda3/lib/python3.12/site-packages (from torch>=2.0.0->accelerate->-r requirements.txt (line 2)) (3.1.4)
Requirement already satisfied: nvidia-cuda-nvrtc-cu12==12.4.127 in /root/miniconda3/lib/python3.12/site-packages (from torch>=2.0.0->accelerate->-r requirements.txt (line 2)) (12.4.127)
Requirement already satisfied: nvidia-cuda-runtime-cu12==12.4.127 in /root/miniconda3/lib/python3.12/site-packages (from torch>=2.0.0->accelerate->-r requirements.txt (line 2)) (12.4.127)
Requirement already satisfied: nvidia-cuda-cupti-cu12==12.4.127 in /root/miniconda3/lib/python3.12/site-packages (from torch>=2.0.0->accelerate->-r requirements.txt (line 2)) (12.4.127)
Requirement already satisfied: nvidia-cudnn-cu12==9.1.0.70 in /root/miniconda3/lib/python3.12/site-packages (from torch>=2.0.0->accelerate->-r requirements.txt (line 2)) (9.1.0.70)
Requirement already satisfied: nvidia-cublas-cu12==12.4.5.8 in /root/miniconda3/lib/python3.12/site-packages (from torch>=2.0.0->accelerate->-r requirements.txt (line 2)) (12.4.5.8)
Requirement already satisfied: nvidia-cufft-cu12==11.2.1.3 in /root/miniconda3/lib/python3.12/site-packages (from torch>=2.0.0->accelerate->-r requirements.txt (line 2)) (11.2.1.3)
Requirement already satisfied: nvidia-curand-cu12==10.3.5.147 in /root/miniconda3/lib/python3.12/site-packages (from torch>=2.0.0->accelerate->-r requirements.txt (line 2)) (10.3.5.147)
Requirement already satisfied: nvidia-cusolver-cu12==11.6.1.9 in /root/miniconda3/lib/python3.12/site-packages (from torch>=2.0.0->accelerate->-r requirements.txt (line 2)) (11.6.1.9)
Requirement already satisfied: nvidia-cusparse-cu12==12.3.1.170 in /root/miniconda3/lib/python3.12/site-packages (from torch>=2.0.0->accelerate->-r requirements.txt (line 2)) (12.3.1.170)
Requirement already satisfied: nvidia-nccl-cu12==2.21.5 in /root/miniconda3/lib/python3.12/site-packages (from torch>=2.0.0->accelerate->-r requirements.txt (line 2)) (2.21.5)
Requirement already satisfied: nvidia-nvtx-cu12==12.4.127 in /root/miniconda3/lib/python3.12/site-packages (from torch>=2.0.0->accelerate->-r requirements.txt (line 2)) (12.4.127)
Requirement already satisfied: nvidia-nvjitlink-cu12==12.4.127 in /root/miniconda3/lib/python3.12/site-packages (from torch>=2.0.0->accelerate->-r requirements.txt (line 2)) (12.4.127)
Requirement already satisfied: triton==3.1.0 in /root/miniconda3/lib/python3.12/site-packages (from torch>=2.0.0->accelerate->-r requirements.txt (line 2)) (3.1.0)
Requirement already satisfied: setuptools in /root/miniconda3/lib/python3.12/site-packages (from torch>=2.0.0->accelerate->-r requirements.txt (line 2)) (69.5.1)
Requirement already satisfied: mpmath<1.4,>=1.1.0 in /root/miniconda3/lib/python3.12/site-packages (from sympy->onnxruntime->-r requirements.txt (line 14)) (1.3.0)
Requirement already satisfied: pydantic>=2.9.2 in /root/miniconda3/lib/python3.12/site-packages (from albumentations->insightface->-r requirements.txt (line 11)) (2.12.3)
Collecting albucore==0.0.24 (from albumentations->insightface->-r requirements.txt (line 11))
  Downloading http://mirrors.aliyun.com/pypi/packages/0a/e2/91f145e1f32428e9e1f21f46a7022ffe63d11f549ee55c3b9265ff5207fc/albucore-0.0.24-py3-none-any.whl (15 kB)
Requirement already satisfied: opencv-python-headless>=4.9.0.80 in /root/miniconda3/lib/python3.12/site-packages (from albumentations->insightface->-r requirements.txt (line 11)) (4.12.0.88)
Collecting stringzilla>=3.10.4 (from albucore==0.0.24->albumentations->insightface->-r requirements.txt (line 11))
  Downloading http://mirrors.aliyun.com/pypi/packages/ff/47/ed765f9b2a7c2be83f64c545ed8c70b9fdb17ad96e2ff17f9425bd9eab6d/stringzilla-4.2.1-cp312-cp312-manylinux_2_17_x86_64.manylinux2014_x86_64.manylinux_2_28_x86_64.whl (599 kB)
     ━━━━━━━━━━━━━━━━━━━━━━━━━━━━━━━━━━━━━━━━ 599.0/599.0 kB 6.6 MB/s  0:00:00
Collecting simsimd>=5.9.2 (from albucore==0.0.24->albumentations->insightface->-r requirements.txt (line 11))
  Downloading http://mirrors.aliyun.com/pypi/packages/7c/f2/34bd80d5f9a1297f2cccab56d0b46fa017f6824ad162e2ea0646529dc539/simsimd-6.5.3-cp312-cp312-manylinux_2_24_x86_64.manylinux_2_28_x86_64.whl (1.1 MB)
     ━━━━━━━━━━━━━━━━━━━━━━━━━━━━━━━━━━━━━━━━ 1.1/1.1 MB 6.6 MB/s  0:00:00
Requirement already satisfied: annotated-types>=0.6.0 in /root/miniconda3/lib/python3.12/site-packages (from pydantic>=2.9.2->albumentations->insightface->-r requirements.txt (line 11)) (0.7.0)
Requirement already satisfied: pydantic-core==2.41.4 in /root/miniconda3/lib/python3.12/site-packages (from pydantic>=2.9.2->albumentations->insightface->-r requirements.txt (line 11)) (2.41.4)
Requirement already satisfied: typing-inspection>=0.4.2 in /root/miniconda3/lib/python3.12/site-packages (from pydantic>=2.9.2->albumentations->insightface->-r requirements.txt (line 11)) (0.4.2)
Requirement already satisfied: humanfriendly>=9.1 in /root/miniconda3/lib/python3.12/site-packages (from coloredlogs->onnxruntime->-r requirements.txt (line 14)) (10.0)
Requirement already satisfied: zipp>=3.20 in /root/miniconda3/lib/python3.12/site-packages (from importlib_metadata->diffusers>=0.35->-r requirements.txt (line 1)) (3.23.0)
Requirement already satisfied: MarkupSafe>=2.0 in /root/miniconda3/lib/python3.12/site-packages (from jinja2->torch>=2.0.0->accelerate->-r requirements.txt (line 2)) (3.0.2)
Requirement already satisfied: contourpy>=1.0.1 in /root/miniconda3/lib/python3.12/site-packages (from matplotlib->insightface->-r requirements.txt (line 11)) (1.3.1)
Requirement already satisfied: cycler>=0.10 in /root/miniconda3/lib/python3.12/site-packages (from matplotlib->insightface->-r requirements.txt (line 11)) (0.12.1)
Requirement already satisfied: fonttools>=4.22.0 in /root/miniconda3/lib/python3.12/site-packages (from matplotlib->insightface->-r requirements.txt (line 11)) (4.55.0)
Requirement already satisfied: kiwisolver>=1.3.1 in /root/miniconda3/lib/python3.12/site-packages (from matplotlib->insightface->-r requirements.txt (line 11)) (1.4.7)
Requirement already satisfied: pyparsing>=2.3.1 in /root/miniconda3/lib/python3.12/site-packages (from matplotlib->insightface->-r requirements.txt (line 11)) (3.2.0)
Requirement already satisfied: python-dateutil>=2.7 in /root/miniconda3/lib/python3.12/site-packages (from matplotlib->insightface->-r requirements.txt (line 11)) (2.9.0.post0)
Requirement already satisfied: six>=1.5 in /root/miniconda3/lib/python3.12/site-packages (from python-dateutil>=2.7->matplotlib->insightface->-r requirements.txt (line 11)) (1.16.0)
Collecting llvmlite<0.46,>=0.45.0dev0 (from numba->facexlib->-r requirements.txt (line 13))
  Downloading http://mirrors.aliyun.com/pypi/packages/96/76/0f7154952f037cb320b83e1c952ec4a19d5d689cf7d27cb8a26887d7bbc1/llvmlite-0.45.1-cp312-cp312-manylinux2014_x86_64.manylinux_2_17_x86_64.whl (56.3 MB)
     ━━━━━━━━━━━━━━━━━━━━━━━━━━━━━━━━━━━━━━━━ 56.3/56.3 MB 6.6 MB/s  0:00:08
Collecting ml_dtypes>=0.5.0 (from onnx->insightface->-r requirements.txt (line 11))
  Downloading http://mirrors.aliyun.com/pypi/packages/d8/a9/b98b86426c24900b0c754aad006dce2863df7ce0bb2bcc2c02f9cc7e8489/ml_dtypes-0.5.3-cp312-cp312-manylinux_2_27_x86_64.manylinux_2_28_x86_64.whl (4.9 MB)
     ━━━━━━━━━━━━━━━━━━━━━━━━━━━━━━━━━━━━━━━━ 4.9/4.9 MB 6.6 MB/s  0:00:00
Requirement already satisfied: wcwidth in /root/miniconda3/lib/python3.12/site-packages (from prettytable->insightface->-r requirements.txt (line 11)) (0.2.13)
Requirement already satisfied: charset-normalizer<4,>=2 in /root/miniconda3/lib/python3.12/site-packages (from requests->diffusers>=0.35->-r requirements.txt (line 1)) (2.0.4)
Requirement already satisfied: idna<4,>=2.5 in /root/miniconda3/lib/python3.12/site-packages (from requests->diffusers>=0.35->-r requirements.txt (line 1)) (3.7)
Requirement already satisfied: urllib3<3,>=1.21.1 in /root/miniconda3/lib/python3.12/site-packages (from requests->diffusers>=0.35->-r requirements.txt (line 1)) (2.1.0)
Requirement already satisfied: certifi>=2017.4.17 in /root/miniconda3/lib/python3.12/site-packages (from requests->diffusers>=0.35->-r requirements.txt (line 1)) (2024.2.2)
Requirement already satisfied: imageio!=2.35.0,>=2.33 in /root/miniconda3/lib/python3.12/site-packages (from scikit-image->insightface->-r requirements.txt (line 11)) (2.37.0)
Requirement already satisfied: tifffile>=2022.8.12 in /root/miniconda3/lib/python3.12/site-packages (from scikit-image->insightface->-r requirements.txt (line 11)) (2025.10.16)
Requirement already satisfied: lazy-loader>=0.4 in /root/miniconda3/lib/python3.12/site-packages (from scikit-image->insightface->-r requirements.txt (line 11)) (0.4)
Collecting joblib>=1.2.0 (from scikit-learn->insightface->-r requirements.txt (line 11))
  Downloading http://mirrors.aliyun.com/pypi/packages/1e/e8/685f47e0d754320684db4425a0967f7d3fa70126bffd76110b7009a0090f/joblib-1.5.2-py3-none-any.whl (308 kB)
Collecting threadpoolctl>=3.1.0 (from scikit-learn->insightface->-r requirements.txt (line 11))
  Downloading http://mirrors.aliyun.com/pypi/packages/32/d5/f9a850d79b0851d1d4ef6456097579a9005b31fea68726a4ae5f2d82ddd9/threadpoolctl-3.6.0-py3-none-any.whl (18 kB)
Requirement already satisfied: tokenizers<=0.23.0,>=0.22.0 in /root/miniconda3/lib/python3.12/site-packages (from transformers->peft>=0.17->-r requirements.txt (line 7)) (0.22.1)
Building wheels for collected packages: insightface, filterpy
  Building wheel for insightface (pyproject.toml): started
  Building wheel for insightface (pyproject.toml): finished with status 'done'
  Created wheel for insightface: filename=insightface-0.7.3-cp312-cp312-linux_x86_64.whl size=880587 sha256=622b85fe55df73d28c6a92c1f9059b6bbe7a3a601e8e6caa686e41da1d1104c9
  Stored in directory: /root/.cache/pip/wheels/0e/69/61/2fde91ac1ab8b1ac300bc4340cf5981cb221369344a2bd6d2c
  DEPRECATION: Building 'filterpy' using the legacy setup.py bdist_wheel mechanism, which will be removed in a future version. pip 25.3 will enforce this behaviour change. A possible replacement is to use the standardized build interface by setting the `--use-pep517` option, (possibly combined with `--no-build-isolation`), or adding a `pyproject.toml` file to the source tree of 'filterpy'. Discussion can be found at https://github.com/pypa/pip/issues/6334
  Building wheel for filterpy (setup.py): started
  Building wheel for filterpy (setup.py): finished with status 'done'
  Created wheel for filterpy: filename=filterpy-1.4.5-py3-none-any.whl size=110458 sha256=691976e0a3e524fdad2e180f546a7589204b5da8df6e16d64cdae6e4b4517977
  Stored in directory: /root/.cache/pip/wheels/a0/52/cb/3e7c63e600296d724d7c1ea05ed23e03100fcc6cbe0acf8050
Successfully built insightface filterpy
Installing collected packages: simsimd, easydict, tomli, threadpoolctl, stringzilla, prettytable, ml_dtypes, llvmlite, joblib, cython, scikit-learn, onnx, numba, albucore, filterpy, albumentations, insightface, facexlib

Successfully installed albucore-0.0.24 albumentations-2.0.8 cython-3.1.4 easydict-1.13 facexlib-0.3.0 filterpy-1.4.5 insightface-0.7.3 joblib-1.5.2 llvmlite-0.45.1 ml_dtypes-0.5.3 numba-0.62.1 onnx-1.19.1 prettytable-3.16.0 scikit-learn-1.7.2 simsimd-6.5.3 stringzilla-4.2.1 threadpoolctl-3.6.0 tomli-2.3.0
WARNING: Running pip as the 'root' user can result in broken permissions and conflicting behaviour with the system package manager, possibly rendering your system unusable. It is recommended to use a virtual environment instead: https://pip.pypa.io/warnings/venv. Use the --root-user-action option if you know what you are doing and want to suppress this warning.

=== Installing in ComfyUI_BiRefNet_ll/ ===
Looking in indexes: http://mirrors.aliyun.com/pypi/simple
Requirement already satisfied: numpy in /root/miniconda3/lib/python3.12/site-packages (from -r requirements.txt (line 1)) (2.1.3)
Requirement already satisfied: opencv-python in /root/miniconda3/lib/python3.12/site-packages (from -r requirements.txt (line 2)) (4.12.0.88)
Requirement already satisfied: timm in /root/miniconda3/lib/python3.12/site-packages (from -r requirements.txt (line 3)) (1.0.20)
Requirement already satisfied: torch in /root/miniconda3/lib/python3.12/site-packages (from timm->-r requirements.txt (line 3)) (2.5.1+cu124)
Requirement already satisfied: torchvision in /root/miniconda3/lib/python3.12/site-packages (from timm->-r requirements.txt (line 3)) (0.20.1+cu124)
Requirement already satisfied: pyyaml in /root/miniconda3/lib/python3.12/site-packages (from timm->-r requirements.txt (line 3)) (6.0.2)
Requirement already satisfied: huggingface_hub in /root/miniconda3/lib/python3.12/site-packages (from timm->-r requirements.txt (line 3)) (0.35.3)
Requirement already satisfied: safetensors in /root/miniconda3/lib/python3.12/site-packages (from timm->-r requirements.txt (line 3)) (0.6.2)
Requirement already satisfied: filelock in /root/miniconda3/lib/python3.12/site-packages (from huggingface_hub->timm->-r requirements.txt (line 3)) (3.16.1)
Requirement already satisfied: fsspec>=2023.5.0 in /root/miniconda3/lib/python3.12/site-packages (from huggingface_hub->timm->-r requirements.txt (line 3)) (2024.10.0)
Requirement already satisfied: packaging>=20.9 in /root/miniconda3/lib/python3.12/site-packages (from huggingface_hub->timm->-r requirements.txt (line 3)) (25.0)
Requirement already satisfied: requests in /root/miniconda3/lib/python3.12/site-packages (from huggingface_hub->timm->-r requirements.txt (line 3)) (2.31.0)
Requirement already satisfied: tqdm>=4.42.1 in /root/miniconda3/lib/python3.12/site-packages (from huggingface_hub->timm->-r requirements.txt (line 3)) (4.66.2)
Requirement already satisfied: typing-extensions>=3.7.4.3 in /root/miniconda3/lib/python3.12/site-packages (from huggingface_hub->timm->-r requirements.txt (line 3)) (4.15.0)
Requirement already satisfied: hf-xet<2.0.0,>=1.1.3 in /root/miniconda3/lib/python3.12/site-packages (from huggingface_hub->timm->-r requirements.txt (line 3)) (1.1.10)
Requirement already satisfied: charset-normalizer<4,>=2 in /root/miniconda3/lib/python3.12/site-packages (from requests->huggingface_hub->timm->-r requirements.txt (line 3)) (2.0.4)
Requirement already satisfied: idna<4,>=2.5 in /root/miniconda3/lib/python3.12/site-packages (from requests->huggingface_hub->timm->-r requirements.txt (line 3)) (3.7)
Requirement already satisfied: urllib3<3,>=1.21.1 in /root/miniconda3/lib/python3.12/site-packages (from requests->huggingface_hub->timm->-r requirements.txt (line 3)) (2.1.0)
Requirement already satisfied: certifi>=2017.4.17 in /root/miniconda3/lib/python3.12/site-packages (from requests->huggingface_hub->timm->-r requirements.txt (line 3)) (2024.2.2)
Requirement already satisfied: networkx in /root/miniconda3/lib/python3.12/site-packages (from torch->timm->-r requirements.txt (line 3)) (3.4.2)
Requirement already satisfied: jinja2 in /root/miniconda3/lib/python3.12/site-packages (from torch->timm->-r requirements.txt (line 3)) (3.1.4)
Requirement already satisfied: nvidia-cuda-nvrtc-cu12==12.4.127 in /root/miniconda3/lib/python3.12/site-packages (from torch->timm->-r requirements.txt (line 3)) (12.4.127)
Requirement already satisfied: nvidia-cuda-runtime-cu12==12.4.127 in /root/miniconda3/lib/python3.12/site-packages (from torch->timm->-r requirements.txt (line 3)) (12.4.127)
Requirement already satisfied: nvidia-cuda-cupti-cu12==12.4.127 in /root/miniconda3/lib/python3.12/site-packages (from torch->timm->-r requirements.txt (line 3)) (12.4.127)
Requirement already satisfied: nvidia-cudnn-cu12==9.1.0.70 in /root/miniconda3/lib/python3.12/site-packages (from torch->timm->-r requirements.txt (line 3)) (9.1.0.70)
Requirement already satisfied: nvidia-cublas-cu12==12.4.5.8 in /root/miniconda3/lib/python3.12/site-packages (from torch->timm->-r requirements.txt (line 3)) (12.4.5.8)
Requirement already satisfied: nvidia-cufft-cu12==11.2.1.3 in /root/miniconda3/lib/python3.12/site-packages (from torch->timm->-r requirements.txt (line 3)) (11.2.1.3)
Requirement already satisfied: nvidia-curand-cu12==10.3.5.147 in /root/miniconda3/lib/python3.12/site-packages (from torch->timm->-r requirements.txt (line 3)) (10.3.5.147)
Requirement already satisfied: nvidia-cusolver-cu12==11.6.1.9 in /root/miniconda3/lib/python3.12/site-packages (from torch->timm->-r requirements.txt (line 3)) (11.6.1.9)
Requirement already satisfied: nvidia-cusparse-cu12==12.3.1.170 in /root/miniconda3/lib/python3.12/site-packages (from torch->timm->-r requirements.txt (line 3)) (12.3.1.170)
Requirement already satisfied: nvidia-nccl-cu12==2.21.5 in /root/miniconda3/lib/python3.12/site-packages (from torch->timm->-r requirements.txt (line 3)) (2.21.5)
Requirement already satisfied: nvidia-nvtx-cu12==12.4.127 in /root/miniconda3/lib/python3.12/site-packages (from torch->timm->-r requirements.txt (line 3)) (12.4.127)
Requirement already satisfied: nvidia-nvjitlink-cu12==12.4.127 in /root/miniconda3/lib/python3.12/site-packages (from torch->timm->-r requirements.txt (line 3)) (12.4.127)
Requirement already satisfied: triton==3.1.0 in /root/miniconda3/lib/python3.12/site-packages (from torch->timm->-r requirements.txt (line 3)) (3.1.0)
Requirement already satisfied: setuptools in /root/miniconda3/lib/python3.12/site-packages (from torch->timm->-r requirements.txt (line 3)) (69.5.1)
Requirement already satisfied: sympy==1.13.1 in /root/miniconda3/lib/python3.12/site-packages (from torch->timm->-r requirements.txt (line 3)) (1.13.1)
Requirement already satisfied: mpmath<1.4,>=1.1.0 in /root/miniconda3/lib/python3.12/site-packages (from sympy==1.13.1->torch->timm->-r requirements.txt (line 3)) (1.3.0)
Requirement already satisfied: MarkupSafe>=2.0 in /root/miniconda3/lib/python3.12/site-packages (from jinja2->torch->timm->-r requirements.txt (line 3)) (3.0.2)
Requirement already satisfied: pillow!=8.3.*,>=5.3.0 in /root/miniconda3/lib/python3.12/site-packages (from torchvision->timm->-r requirements.txt (line 3)) (11.0.0)
WARNING: Running pip as the 'root' user can result in broken permissions and conflicting behaviour with the system package manager, possibly rendering your system unusable. It is recommended to use a virtual environment instead: https://pip.pypa.io/warnings/venv. Use the --root-user-action option if you know what you are doing and want to suppress this warning.

=== Installing in ComfyUI_FizzNodes/ ===
Looking in indexes: http://mirrors.aliyun.com/pypi/simple
Requirement already satisfied: numpy in /root/miniconda3/lib/python3.12/site-packages (from -r requirements.txt (line 1)) (2.1.3)
Collecting pandas (from -r requirements.txt (line 2))
  Downloading http://mirrors.aliyun.com/pypi/packages/e5/63/cd7d615331b328e287d8233ba9fdf191a9c2d11b6af0c7a59cfcec23de68/pandas-2.3.3-cp312-cp312-manylinux_2_24_x86_64.manylinux_2_28_x86_64.whl (12.4 MB)
     ━━━━━━━━━━━━━━━━━━━━━━━━━━━━━━━━━━━━━━━━ 12.4/12.4 MB 5.7 MB/s  0:00:02
Collecting numexpr (from -r requirements.txt (line 3))
  Downloading http://mirrors.aliyun.com/pypi/packages/d9/43/560e9ba23c02c904b5934496486d061bcb14cd3ebba2e3cf0e2dccb6c22b/numexpr-2.14.1-cp312-cp312-manylinux_2_27_x86_64.manylinux_2_28_x86_64.whl (443 kB)
Requirement already satisfied: python-dateutil>=2.8.2 in /root/miniconda3/lib/python3.12/site-packages (from pandas->-r requirements.txt (line 2)) (2.9.0.post0)
Collecting pytz>=2020.1 (from pandas->-r requirements.txt (line 2))
  Downloading http://mirrors.aliyun.com/pypi/packages/81/c4/34e93fe5f5429d7570ec1fa436f1986fb1f00c3e0f43a589fe2bbcd22c3f/pytz-2025.2-py2.py3-none-any.whl (509 kB)
Collecting tzdata>=2022.7 (from pandas->-r requirements.txt (line 2))
  Downloading http://mirrors.aliyun.com/pypi/packages/5c/23/c7abc0ca0a1526a0774eca151daeb8de62ec457e77262b66b359c3c7679e/tzdata-2025.2-py2.py3-none-any.whl (347 kB)
Requirement already satisfied: six>=1.5 in /root/miniconda3/lib/python3.12/site-packages (from python-dateutil>=2.8.2->pandas->-r requirements.txt (line 2)) (1.16.0)
Installing collected packages: pytz, tzdata, numexpr, pandas

Successfully installed numexpr-2.14.1 pandas-2.3.3 pytz-2025.2 tzdata-2025.2
WARNING: Running pip as the 'root' user can result in broken permissions and conflicting behaviour with the system package manager, possibly rendering your system unusable. It is recommended to use a virtual environment instead: https://pip.pypa.io/warnings/venv. Use the --root-user-action option if you know what you are doing and want to suppress this warning.

=== Installing in ComfyUI_essentials/ ===
Looking in indexes: http://mirrors.aliyun.com/pypi/simple
Requirement already satisfied: numba in /root/miniconda3/lib/python3.12/site-packages (from -r requirements.txt (line 1)) (0.62.1)
Collecting colour-science (from -r requirements.txt (line 2))
  Downloading http://mirrors.aliyun.com/pypi/packages/6e/3e/7a39e00d11a58ab6aa75985433ad4b8001eabf965c20280ed22ed1512887/colour_science-0.4.6-py3-none-any.whl (2.5 MB)
     ━━━━━━━━━━━━━━━━━━━━━━━━━━━━━━━━━━━━━━━━ 2.5/2.5 MB 6.1 MB/s  0:00:00
Collecting rembg (from -r requirements.txt (line 3))
  Downloading http://mirrors.aliyun.com/pypi/packages/79/27/5926d4f01df4063e9c4a4f798eca0eb1cf1e9a186a3ff73c09e7c718816c/rembg-2.0.67-py3-none-any.whl (44 kB)
Collecting pixeloe (from -r requirements.txt (line 4))
  Downloading http://mirrors.aliyun.com/pypi/packages/86/fd/83bfcd48bdf305d23e806f5b777ecd1a5bb702c23db8cf284406754d0e06/pixeloe-0.1.4.tar.gz (30 kB)
  Installing build dependencies: started
  Installing build dependencies: finished with status 'done'
  Getting requirements to build wheel: started
  Getting requirements to build wheel: finished with status 'done'
  Preparing metadata (pyproject.toml): started
  Preparing metadata (pyproject.toml): finished with status 'done'
Collecting transparent-background (from -r requirements.txt (line 5))
  Downloading http://mirrors.aliyun.com/pypi/packages/6f/3c/ebb4280082bd6f7569454b48fafeb9575d1a5b910bec9e261042b0589273/transparent_background-1.3.4-py3-none-any.whl (33 kB)
Requirement already satisfied: llvmlite<0.46,>=0.45.0dev0 in /root/miniconda3/lib/python3.12/site-packages (from numba->-r requirements.txt (line 1)) (0.45.1)
Requirement already satisfied: numpy<2.4,>=1.22 in /root/miniconda3/lib/python3.12/site-packages (from numba->-r requirements.txt (line 1)) (2.1.3)
Requirement already satisfied: imageio<3,>=2 in /root/miniconda3/lib/python3.12/site-packages (from colour-science->-r requirements.txt (line 2)) (2.37.0)
Requirement already satisfied: scipy<2,>=1.10 in /root/miniconda3/lib/python3.12/site-packages (from colour-science->-r requirements.txt (line 2)) (1.16.2)
Requirement already satisfied: typing-extensions<5,>=4 in /root/miniconda3/lib/python3.12/site-packages (from colour-science->-r requirements.txt (line 2)) (4.15.0)
Requirement already satisfied: pillow>=8.3.2 in /root/miniconda3/lib/python3.12/site-packages (from imageio<3,>=2->colour-science->-r requirements.txt (line 2)) (11.0.0)
Requirement already satisfied: jsonschema in /root/miniconda3/lib/python3.12/site-packages (from rembg->-r requirements.txt (line 3)) (4.23.0)
Requirement already satisfied: opencv-python-headless in /root/miniconda3/lib/python3.12/site-packages (from rembg->-r requirements.txt (line 3)) (4.12.0.88)
Collecting pooch (from rembg->-r requirements.txt (line 3))
  Downloading http://mirrors.aliyun.com/pypi/packages/a8/87/77cc11c7a9ea9fd05503def69e3d18605852cd0d4b0d3b8f15bbeb3ef1d1/pooch-1.8.2-py3-none-any.whl (64 kB)
Collecting pymatting (from rembg->-r requirements.txt (line 3))
  Downloading http://mirrors.aliyun.com/pypi/packages/f4/aa/4162e4f638c9fd483b1d7559d88f6e360142ba95edb271f92465ad7055cc/pymatting-1.1.14-py3-none-any.whl (54 kB)
Requirement already satisfied: scikit-image in /root/miniconda3/lib/python3.12/site-packages (from rembg->-r requirements.txt (line 3)) (0.25.2)
Requirement already satisfied: tqdm in /root/miniconda3/lib/python3.12/site-packages (from rembg->-r requirements.txt (line 3)) (4.66.2)
Requirement already satisfied: opencv-python in /root/miniconda3/lib/python3.12/site-packages (from pixeloe->-r requirements.txt (line 4)) (4.12.0.88)
Requirement already satisfied: torch in /root/miniconda3/lib/python3.12/site-packages (from pixeloe->-r requirements.txt (line 4)) (2.5.1+cu124)
Requirement already satisfied: kornia in /root/miniconda3/lib/python3.12/site-packages (from pixeloe->-r requirements.txt (line 4)) (0.8.1)
Requirement already satisfied: torchvision>=0.8.2 in /root/miniconda3/lib/python3.12/site-packages (from transparent-background->-r requirements.txt (line 5)) (0.20.1+cu124)
Requirement already satisfied: timm>=1.0.3 in /root/miniconda3/lib/python3.12/site-packages (from transparent-background->-r requirements.txt (line 5)) (1.0.20)
Collecting gdown>=4.5.4 (from transparent-background->-r requirements.txt (line 5))
  Downloading http://mirrors.aliyun.com/pypi/packages/54/70/e07c381e6488a77094f04c85c9caf1c8008cdc30778f7019bc52e5285ef0/gdown-5.2.0-py3-none-any.whl (18 kB)
Collecting wget>=3.2 (from transparent-background->-r requirements.txt (line 5))
  Downloading http://mirrors.aliyun.com/pypi/packages/47/6a/62e288da7bcda82b935ff0c6cfe542970f04e29c756b0e147251b2fb251f/wget-3.2.zip (10 kB)
  Preparing metadata (setup.py): started
  Preparing metadata (setup.py): finished with status 'done'
Requirement already satisfied: easydict>=1.10 in /root/miniconda3/lib/python3.12/site-packages (from transparent-background->-r requirements.txt (line 5)) (1.13)
Requirement already satisfied: pyyaml>=6.0 in /root/miniconda3/lib/python3.12/site-packages (from transparent-background->-r requirements.txt (line 5)) (6.0.2)
Requirement already satisfied: albumentations>=1.3.1 in /root/miniconda3/lib/python3.12/site-packages (from transparent-background->-r requirements.txt (line 5)) (2.0.8)
Requirement already satisfied: albucore>=0.0.16 in /root/miniconda3/lib/python3.12/site-packages (from transparent-background->-r requirements.txt (line 5)) (0.0.24)
Requirement already satisfied: stringzilla>=3.10.4 in /root/miniconda3/lib/python3.12/site-packages (from albucore>=0.0.16->transparent-background->-r requirements.txt (line 5)) (4.2.1)
Requirement already satisfied: simsimd>=5.9.2 in /root/miniconda3/lib/python3.12/site-packages (from albucore>=0.0.16->transparent-background->-r requirements.txt (line 5)) (6.5.3)
Requirement already satisfied: pydantic>=2.9.2 in /root/miniconda3/lib/python3.12/site-packages (from albumentations>=1.3.1->transparent-background->-r requirements.txt (line 5)) (2.12.3)
Requirement already satisfied: beautifulsoup4 in /root/miniconda3/lib/python3.12/site-packages (from gdown>=4.5.4->transparent-background->-r requirements.txt (line 5)) (4.12.3)
Requirement already satisfied: filelock in /root/miniconda3/lib/python3.12/site-packages (from gdown>=4.5.4->transparent-background->-r requirements.txt (line 5)) (3.16.1)
Requirement already satisfied: requests[socks] in /root/miniconda3/lib/python3.12/site-packages (from gdown>=4.5.4->transparent-background->-r requirements.txt (line 5)) (2.31.0)
Requirement already satisfied: kornia_rs>=0.1.9 in /root/miniconda3/lib/python3.12/site-packages (from kornia->pixeloe->-r requirements.txt (line 4)) (0.1.9)
Requirement already satisfied: packaging in /root/miniconda3/lib/python3.12/site-packages (from kornia->pixeloe->-r requirements.txt (line 4)) (25.0)
Requirement already satisfied: annotated-types>=0.6.0 in /root/miniconda3/lib/python3.12/site-packages (from pydantic>=2.9.2->albumentations>=1.3.1->transparent-background->-r requirements.txt (line 5)) (0.7.0)
Requirement already satisfied: pydantic-core==2.41.4 in /root/miniconda3/lib/python3.12/site-packages (from pydantic>=2.9.2->albumentations>=1.3.1->transparent-background->-r requirements.txt (line 5)) (2.41.4)
Requirement already satisfied: typing-inspection>=0.4.2 in /root/miniconda3/lib/python3.12/site-packages (from pydantic>=2.9.2->albumentations>=1.3.1->transparent-background->-r requirements.txt (line 5)) (0.4.2)
Requirement already satisfied: huggingface_hub in /root/miniconda3/lib/python3.12/site-packages (from timm>=1.0.3->transparent-background->-r requirements.txt (line 5)) (0.35.3)
Requirement already satisfied: safetensors in /root/miniconda3/lib/python3.12/site-packages (from timm>=1.0.3->transparent-background->-r requirements.txt (line 5)) (0.6.2)
Requirement already satisfied: networkx in /root/miniconda3/lib/python3.12/site-packages (from torch->pixeloe->-r requirements.txt (line 4)) (3.4.2)
Requirement already satisfied: jinja2 in /root/miniconda3/lib/python3.12/site-packages (from torch->pixeloe->-r requirements.txt (line 4)) (3.1.4)
Requirement already satisfied: fsspec in /root/miniconda3/lib/python3.12/site-packages (from torch->pixeloe->-r requirements.txt (line 4)) (2024.10.0)
Requirement already satisfied: nvidia-cuda-nvrtc-cu12==12.4.127 in /root/miniconda3/lib/python3.12/site-packages (from torch->pixeloe->-r requirements.txt (line 4)) (12.4.127)
Requirement already satisfied: nvidia-cuda-runtime-cu12==12.4.127 in /root/miniconda3/lib/python3.12/site-packages (from torch->pixeloe->-r requirements.txt (line 4)) (12.4.127)
Requirement already satisfied: nvidia-cuda-cupti-cu12==12.4.127 in /root/miniconda3/lib/python3.12/site-packages (from torch->pixeloe->-r requirements.txt (line 4)) (12.4.127)
Requirement already satisfied: nvidia-cudnn-cu12==9.1.0.70 in /root/miniconda3/lib/python3.12/site-packages (from torch->pixeloe->-r requirements.txt (line 4)) (9.1.0.70)
Requirement already satisfied: nvidia-cublas-cu12==12.4.5.8 in /root/miniconda3/lib/python3.12/site-packages (from torch->pixeloe->-r requirements.txt (line 4)) (12.4.5.8)
Requirement already satisfied: nvidia-cufft-cu12==11.2.1.3 in /root/miniconda3/lib/python3.12/site-packages (from torch->pixeloe->-r requirements.txt (line 4)) (11.2.1.3)
Requirement already satisfied: nvidia-curand-cu12==10.3.5.147 in /root/miniconda3/lib/python3.12/site-packages (from torch->pixeloe->-r requirements.txt (line 4)) (10.3.5.147)
Requirement already satisfied: nvidia-cusolver-cu12==11.6.1.9 in /root/miniconda3/lib/python3.12/site-packages (from torch->pixeloe->-r requirements.txt (line 4)) (11.6.1.9)
Requirement already satisfied: nvidia-cusparse-cu12==12.3.1.170 in /root/miniconda3/lib/python3.12/site-packages (from torch->pixeloe->-r requirements.txt (line 4)) (12.3.1.170)
Requirement already satisfied: nvidia-nccl-cu12==2.21.5 in /root/miniconda3/lib/python3.12/site-packages (from torch->pixeloe->-r requirements.txt (line 4)) (2.21.5)
Requirement already satisfied: nvidia-nvtx-cu12==12.4.127 in /root/miniconda3/lib/python3.12/site-packages (from torch->pixeloe->-r requirements.txt (line 4)) (12.4.127)
Requirement already satisfied: nvidia-nvjitlink-cu12==12.4.127 in /root/miniconda3/lib/python3.12/site-packages (from torch->pixeloe->-r requirements.txt (line 4)) (12.4.127)
Requirement already satisfied: triton==3.1.0 in /root/miniconda3/lib/python3.12/site-packages (from torch->pixeloe->-r requirements.txt (line 4)) (3.1.0)
Requirement already satisfied: setuptools in /root/miniconda3/lib/python3.12/site-packages (from torch->pixeloe->-r requirements.txt (line 4)) (69.5.1)
Requirement already satisfied: sympy==1.13.1 in /root/miniconda3/lib/python3.12/site-packages (from torch->pixeloe->-r requirements.txt (line 4)) (1.13.1)
Requirement already satisfied: mpmath<1.4,>=1.1.0 in /root/miniconda3/lib/python3.12/site-packages (from sympy==1.13.1->torch->pixeloe->-r requirements.txt (line 4)) (1.3.0)
Requirement already satisfied: soupsieve>1.2 in /root/miniconda3/lib/python3.12/site-packages (from beautifulsoup4->gdown>=4.5.4->transparent-background->-r requirements.txt (line 5)) (2.6)
Requirement already satisfied: hf-xet<2.0.0,>=1.1.3 in /root/miniconda3/lib/python3.12/site-packages (from huggingface_hub->timm>=1.0.3->transparent-background->-r requirements.txt (line 5)) (1.1.10)
Requirement already satisfied: MarkupSafe>=2.0 in /root/miniconda3/lib/python3.12/site-packages (from jinja2->torch->pixeloe->-r requirements.txt (line 4)) (3.0.2)
Requirement already satisfied: attrs>=22.2.0 in /root/miniconda3/lib/python3.12/site-packages (from jsonschema->rembg->-r requirements.txt (line 3)) (24.2.0)
Requirement already satisfied: jsonschema-specifications>=2023.03.6 in /root/miniconda3/lib/python3.12/site-packages (from jsonschema->rembg->-r requirements.txt (line 3)) (2024.10.1)
Requirement already satisfied: referencing>=0.28.4 in /root/miniconda3/lib/python3.12/site-packages (from jsonschema->rembg->-r requirements.txt (line 3)) (0.35.1)
Requirement already satisfied: rpds-py>=0.7.1 in /root/miniconda3/lib/python3.12/site-packages (from jsonschema->rembg->-r requirements.txt (line 3)) (0.21.0)
Requirement already satisfied: platformdirs>=2.5.0 in /root/miniconda3/lib/python3.12/site-packages (from pooch->rembg->-r requirements.txt (line 3)) (3.10.0)
Requirement already satisfied: charset-normalizer<4,>=2 in /root/miniconda3/lib/python3.12/site-packages (from requests[socks]->gdown>=4.5.4->transparent-background->-r requirements.txt (line 5)) (2.0.4)
Requirement already satisfied: idna<4,>=2.5 in /root/miniconda3/lib/python3.12/site-packages (from requests[socks]->gdown>=4.5.4->transparent-background->-r requirements.txt (line 5)) (3.7)
Requirement already satisfied: urllib3<3,>=1.21.1 in /root/miniconda3/lib/python3.12/site-packages (from requests[socks]->gdown>=4.5.4->transparent-background->-r requirements.txt (line 5)) (2.1.0)
Requirement already satisfied: certifi>=2017.4.17 in /root/miniconda3/lib/python3.12/site-packages (from requests[socks]->gdown>=4.5.4->transparent-background->-r requirements.txt (line 5)) (2024.2.2)
Requirement already satisfied: PySocks!=1.5.7,>=1.5.6 in /root/miniconda3/lib/python3.12/site-packages (from requests[socks]->gdown>=4.5.4->transparent-background->-r requirements.txt (line 5)) (1.7.1)
Requirement already satisfied: tifffile>=2022.8.12 in /root/miniconda3/lib/python3.12/site-packages (from scikit-image->rembg->-r requirements.txt (line 3)) (2025.10.16)
Requirement already satisfied: lazy-loader>=0.4 in /root/miniconda3/lib/python3.12/site-packages (from scikit-image->rembg->-r requirements.txt (line 3)) (0.4)
Building wheels for collected packages: pixeloe, wget
  Building wheel for pixeloe (pyproject.toml): started
  Building wheel for pixeloe (pyproject.toml): finished with status 'done'
  Created wheel for pixeloe: filename=pixeloe-0.1.4-py3-none-any.whl size=33643 sha256=f7e9e25cc2de771516cede2ffc0814bc6a180729666caeb02781936a23f0575d
  Stored in directory: /root/.cache/pip/wheels/3e/10/14/932461a6586f8ed986d49389bb223d391fe538396fd83dff9e
  DEPRECATION: Building 'wget' using the legacy setup.py bdist_wheel mechanism, which will be removed in a future version. pip 25.3 will enforce this behaviour change. A possible replacement is to use the standardized build interface by setting the `--use-pep517` option, (possibly combined with `--no-build-isolation`), or adding a `pyproject.toml` file to the source tree of 'wget'. Discussion can be found at https://github.com/pypa/pip/issues/6334
  Building wheel for wget (setup.py): started
  Building wheel for wget (setup.py): finished with status 'done'
  Created wheel for wget: filename=wget-3.2-py3-none-any.whl size=9656 sha256=b9f54ff53708e94f1b71953567947048227ddaa5210c13af1f48b6b56354e6c5
  Stored in directory: /root/.cache/pip/wheels/fb/ce/9a/2f92eb6810451ef0ba03b44da846c0ed07da11aa96cd6a98be
Successfully built pixeloe wget
Installing collected packages: wget, pymatting, pooch, colour-science, gdown, rembg, pixeloe, transparent-background

Successfully installed colour-science-0.4.6 gdown-5.2.0 pixeloe-0.1.4 pooch-1.8.2 pymatting-1.1.14 rembg-2.0.67 transparent-background-1.3.4 wget-3.2
WARNING: Running pip as the 'root' user can result in broken permissions and conflicting behaviour with the system package manager, possibly rendering your system unusable. It is recommended to use a virtual environment instead: https://pip.pypa.io/warnings/venv. Use the --root-user-action option if you know what you are doing and want to suppress this warning.

=== Installing in PowerNoiseSuite/ ===
Looking in indexes: http://mirrors.aliyun.com/pypi/simple
Requirement already satisfied: torch in /root/miniconda3/lib/python3.12/site-packages (from -r requirements.txt (line 1)) (2.5.1+cu124)
Requirement already satisfied: filelock in /root/miniconda3/lib/python3.12/site-packages (from torch->-r requirements.txt (line 1)) (3.16.1)
Requirement already satisfied: typing-extensions>=4.8.0 in /root/miniconda3/lib/python3.12/site-packages (from torch->-r requirements.txt (line 1)) (4.15.0)
Requirement already satisfied: networkx in /root/miniconda3/lib/python3.12/site-packages (from torch->-r requirements.txt (line 1)) (3.4.2)
Requirement already satisfied: jinja2 in /root/miniconda3/lib/python3.12/site-packages (from torch->-r requirements.txt (line 1)) (3.1.4)
Requirement already satisfied: fsspec in /root/miniconda3/lib/python3.12/site-packages (from torch->-r requirements.txt (line 1)) (2024.10.0)
Requirement already satisfied: nvidia-cuda-nvrtc-cu12==12.4.127 in /root/miniconda3/lib/python3.12/site-packages (from torch->-r requirements.txt (line 1)) (12.4.127)
Requirement already satisfied: nvidia-cuda-runtime-cu12==12.4.127 in /root/miniconda3/lib/python3.12/site-packages (from torch->-r requirements.txt (line 1)) (12.4.127)
Requirement already satisfied: nvidia-cuda-cupti-cu12==12.4.127 in /root/miniconda3/lib/python3.12/site-packages (from torch->-r requirements.txt (line 1)) (12.4.127)
Requirement already satisfied: nvidia-cudnn-cu12==9.1.0.70 in /root/miniconda3/lib/python3.12/site-packages (from torch->-r requirements.txt (line 1)) (9.1.0.70)
Requirement already satisfied: nvidia-cublas-cu12==12.4.5.8 in /root/miniconda3/lib/python3.12/site-packages (from torch->-r requirements.txt (line 1)) (12.4.5.8)
Requirement already satisfied: nvidia-cufft-cu12==11.2.1.3 in /root/miniconda3/lib/python3.12/site-packages (from torch->-r requirements.txt (line 1)) (11.2.1.3)
Requirement already satisfied: nvidia-curand-cu12==10.3.5.147 in /root/miniconda3/lib/python3.12/site-packages (from torch->-r requirements.txt (line 1)) (10.3.5.147)
Requirement already satisfied: nvidia-cusolver-cu12==11.6.1.9 in /root/miniconda3/lib/python3.12/site-packages (from torch->-r requirements.txt (line 1)) (11.6.1.9)
Requirement already satisfied: nvidia-cusparse-cu12==12.3.1.170 in /root/miniconda3/lib/python3.12/site-packages (from torch->-r requirements.txt (line 1)) (12.3.1.170)
Requirement already satisfied: nvidia-nccl-cu12==2.21.5 in /root/miniconda3/lib/python3.12/site-packages (from torch->-r requirements.txt (line 1)) (2.21.5)
Requirement already satisfied: nvidia-nvtx-cu12==12.4.127 in /root/miniconda3/lib/python3.12/site-packages (from torch->-r requirements.txt (line 1)) (12.4.127)
Requirement already satisfied: nvidia-nvjitlink-cu12==12.4.127 in /root/miniconda3/lib/python3.12/site-packages (from torch->-r requirements.txt (line 1)) (12.4.127)
Requirement already satisfied: triton==3.1.0 in /root/miniconda3/lib/python3.12/site-packages (from torch->-r requirements.txt (line 1)) (3.1.0)
Requirement already satisfied: setuptools in /root/miniconda3/lib/python3.12/site-packages (from torch->-r requirements.txt (line 1)) (69.5.1)
Requirement already satisfied: sympy==1.13.1 in /root/miniconda3/lib/python3.12/site-packages (from torch->-r requirements.txt (line 1)) (1.13.1)
Requirement already satisfied: mpmath<1.4,>=1.1.0 in /root/miniconda3/lib/python3.12/site-packages (from sympy==1.13.1->torch->-r requirements.txt (line 1)) (1.3.0)
Requirement already satisfied: MarkupSafe>=2.0 in /root/miniconda3/lib/python3.12/site-packages (from jinja2->torch->-r requirements.txt (line 1)) (3.0.2)
WARNING: Running pip as the 'root' user can result in broken permissions and conflicting behaviour with the system package manager, possibly rendering your system unusable. It is recommended to use a virtual environment instead: https://pip.pypa.io/warnings/venv. Use the --root-user-action option if you know what you are doing and want to suppress this warning.

=== Installing in comfyui-browser/ ===
Looking in indexes: http://mirrors.aliyun.com/pypi/simple
Requirement already satisfied: tqdm in /root/miniconda3/lib/python3.12/site-packages (from -r requirements.txt (line 1)) (4.66.2)
Requirement already satisfied: pandas in /root/miniconda3/lib/python3.12/site-packages (from -r requirements.txt (line 2)) (2.3.3)
Requirement already satisfied: numpy in /root/miniconda3/lib/python3.12/site-packages (from -r requirements.txt (line 3)) (2.1.3)
Requirement already satisfied: requests in /root/miniconda3/lib/python3.12/site-packages (from -r requirements.txt (line 4)) (2.31.0)
Requirement already satisfied: urllib3 in /root/miniconda3/lib/python3.12/site-packages (from -r requirements.txt (line 5)) (2.1.0)
Requirement already satisfied: python-dateutil>=2.8.2 in /root/miniconda3/lib/python3.12/site-packages (from pandas->-r requirements.txt (line 2)) (2.9.0.post0)
Requirement already satisfied: pytz>=2020.1 in /root/miniconda3/lib/python3.12/site-packages (from pandas->-r requirements.txt (line 2)) (2025.2)
Requirement already satisfied: tzdata>=2022.7 in /root/miniconda3/lib/python3.12/site-packages (from pandas->-r requirements.txt (line 2)) (2025.2)
Requirement already satisfied: charset-normalizer<4,>=2 in /root/miniconda3/lib/python3.12/site-packages (from requests->-r requirements.txt (line 4)) (2.0.4)
Requirement already satisfied: idna<4,>=2.5 in /root/miniconda3/lib/python3.12/site-packages (from requests->-r requirements.txt (line 4)) (3.7)
Requirement already satisfied: certifi>=2017.4.17 in /root/miniconda3/lib/python3.12/site-packages (from requests->-r requirements.txt (line 4)) (2024.2.2)
Requirement already satisfied: six>=1.5 in /root/miniconda3/lib/python3.12/site-packages (from python-dateutil>=2.8.2->pandas->-r requirements.txt (line 2)) (1.16.0)
WARNING: Running pip as the 'root' user can result in broken permissions and conflicting behaviour with the system package manager, possibly rendering your system unusable. It is recommended to use a virtual environment instead: https://pip.pypa.io/warnings/venv. Use the --root-user-action option if you know what you are doing and want to suppress this warning.

=== Installing in comfyui-ollama/ ===
Looking in indexes: http://mirrors.aliyun.com/pypi/simple
Collecting ollama==0.5.1 (from -r requirements.txt (line 1))
  Downloading http://mirrors.aliyun.com/pypi/packages/d6/76/3f96c8cdbf3955d7a73ee94ce3e0db0755d6de1e0098a70275940d1aff2f/ollama-0.5.1-py3-none-any.whl (13 kB)
Requirement already satisfied: httpx>=0.27 in /root/miniconda3/lib/python3.12/site-packages (from ollama==0.5.1->-r requirements.txt (line 1)) (0.27.2)
Requirement already satisfied: pydantic>=2.9 in /root/miniconda3/lib/python3.12/site-packages (from ollama==0.5.1->-r requirements.txt (line 1)) (2.12.3)
Requirement already satisfied: anyio in /root/miniconda3/lib/python3.12/site-packages (from httpx>=0.27->ollama==0.5.1->-r requirements.txt (line 1)) (4.6.2.post1)
Requirement already satisfied: certifi in /root/miniconda3/lib/python3.12/site-packages (from httpx>=0.27->ollama==0.5.1->-r requirements.txt (line 1)) (2024.2.2)
Requirement already satisfied: httpcore==1.* in /root/miniconda3/lib/python3.12/site-packages (from httpx>=0.27->ollama==0.5.1->-r requirements.txt (line 1)) (1.0.7)
Requirement already satisfied: idna in /root/miniconda3/lib/python3.12/site-packages (from httpx>=0.27->ollama==0.5.1->-r requirements.txt (line 1)) (3.7)
Requirement already satisfied: sniffio in /root/miniconda3/lib/python3.12/site-packages (from httpx>=0.27->ollama==0.5.1->-r requirements.txt (line 1)) (1.3.1)
Requirement already satisfied: h11<0.15,>=0.13 in /root/miniconda3/lib/python3.12/site-packages (from httpcore==1.*->httpx>=0.27->ollama==0.5.1->-r requirements.txt (line 1)) (0.14.0)
Requirement already satisfied: annotated-types>=0.6.0 in /root/miniconda3/lib/python3.12/site-packages (from pydantic>=2.9->ollama==0.5.1->-r requirements.txt (line 1)) (0.7.0)
Requirement already satisfied: pydantic-core==2.41.4 in /root/miniconda3/lib/python3.12/site-packages (from pydantic>=2.9->ollama==0.5.1->-r requirements.txt (line 1)) (2.41.4)
Requirement already satisfied: typing-extensions>=4.14.1 in /root/miniconda3/lib/python3.12/site-packages (from pydantic>=2.9->ollama==0.5.1->-r requirements.txt (line 1)) (4.15.0)
Requirement already satisfied: typing-inspection>=0.4.2 in /root/miniconda3/lib/python3.12/site-packages (from pydantic>=2.9->ollama==0.5.1->-r requirements.txt (line 1)) (0.4.2)
Installing collected packages: ollama
Successfully installed ollama-0.5.1
WARNING: Running pip as the 'root' user can result in broken permissions and conflicting behaviour with the system package manager, possibly rendering your system unusable. It is recommended to use a virtual environment instead: https://pip.pypa.io/warnings/venv. Use the --root-user-action option if you know what you are doing and want to suppress this warning.

=== Installing in comfyui_controlnet_aux/ ===
Looking in indexes: http://mirrors.aliyun.com/pypi/simple
Requirement already satisfied: torch in /root/miniconda3/lib/python3.12/site-packages (from -r requirements.txt (line 1)) (2.5.1+cu124)
Requirement already satisfied: importlib_metadata in /root/miniconda3/lib/python3.12/site-packages (from -r requirements.txt (line 2)) (8.7.0)
Requirement already satisfied: huggingface_hub in /root/miniconda3/lib/python3.12/site-packages (from -r requirements.txt (line 3)) (0.35.3)
Requirement already satisfied: scipy in /root/miniconda3/lib/python3.12/site-packages (from -r requirements.txt (line 4)) (1.16.2)
Requirement already satisfied: opencv-python>=4.7.0.72 in /root/miniconda3/lib/python3.12/site-packages (from -r requirements.txt (line 5)) (4.12.0.88)
Requirement already satisfied: filelock in /root/miniconda3/lib/python3.12/site-packages (from -r requirements.txt (line 6)) (3.16.1)
Requirement already satisfied: numpy in /root/miniconda3/lib/python3.12/site-packages (from -r requirements.txt (line 7)) (2.1.3)
Requirement already satisfied: Pillow in /root/miniconda3/lib/python3.12/site-packages (from -r requirements.txt (line 8)) (11.0.0)
Requirement already satisfied: einops in /root/miniconda3/lib/python3.12/site-packages (from -r requirements.txt (line 9)) (0.8.1)
Requirement already satisfied: torchvision in /root/miniconda3/lib/python3.12/site-packages (from -r requirements.txt (line 10)) (0.20.1+cu124)
Requirement already satisfied: pyyaml in /root/miniconda3/lib/python3.12/site-packages (from -r requirements.txt (line 11)) (6.0.2)
Requirement already satisfied: scikit-image in /root/miniconda3/lib/python3.12/site-packages (from -r requirements.txt (line 12)) (0.25.2)
Requirement already satisfied: python-dateutil in /root/miniconda3/lib/python3.12/site-packages (from -r requirements.txt (line 13)) (2.9.0.post0)
Collecting mediapipe (from -r requirements.txt (line 14))
  Downloading http://mirrors.aliyun.com/pypi/packages/9f/99/5da7ae7f7e25847383bc2fe5a9adc7ce150dd371682f486c0666b407cad7/mediapipe-0.10.21-cp312-cp312-manylinux_2_28_x86_64.whl (35.6 MB)
     ━━━━━━━━━━━━━━━━━━━━━━━━━━━━━━━━━━━━━━━━ 35.6/35.6 MB 5.9 MB/s  0:00:06
Collecting svglib (from -r requirements.txt (line 15))
  Downloading http://mirrors.aliyun.com/pypi/packages/6d/93/01273a1b8d8454d45f2e18b3d6098c7be13a0864a55fbd0ebda7815c201a/svglib-1.6.0-py3-none-any.whl (39 kB)
Collecting fvcore (from -r requirements.txt (line 16))
  Downloading http://mirrors.aliyun.com/pypi/packages/a5/93/d056a9c4efc6c79ba7b5159cc66bb436db93d2cc46dca18ed65c59cc8e4e/fvcore-0.1.5.post20221221.tar.gz (50 kB)
  Preparing metadata (setup.py): started
  Preparing metadata (setup.py): finished with status 'done'
Collecting yapf (from -r requirements.txt (line 17))
  Downloading http://mirrors.aliyun.com/pypi/packages/37/81/6acd6601f61e31cfb8729d3da6d5df966f80f374b78eff83760714487338/yapf-0.43.0-py3-none-any.whl (256 kB)
Requirement already satisfied: omegaconf in /root/miniconda3/lib/python3.12/site-packages (from -r requirements.txt (line 18)) (2.3.0)
Requirement already satisfied: ftfy in /root/miniconda3/lib/python3.12/site-packages (from -r requirements.txt (line 19)) (6.3.1)
Collecting addict (from -r requirements.txt (line 20))
  Downloading http://mirrors.aliyun.com/pypi/packages/6a/00/b08f23b7d7e1e14ce01419a467b583edbb93c6cdb8654e54a9cc579cd61f/addict-2.4.0-py3-none-any.whl (3.8 kB)
Collecting yacs (from -r requirements.txt (line 21))
  Downloading http://mirrors.aliyun.com/pypi/packages/38/4f/fe9a4d472aa867878ce3bb7efb16654c5d63672b86dc0e6e953a67018433/yacs-0.1.8-py3-none-any.whl (14 kB)
Requirement already satisfied: albumentations in /root/miniconda3/lib/python3.12/site-packages (from -r requirements.txt (line 24)) (2.0.8)
Requirement already satisfied: scikit-learn in /root/miniconda3/lib/python3.12/site-packages (from -r requirements.txt (line 25)) (1.7.2)
Requirement already satisfied: matplotlib in /root/miniconda3/lib/python3.12/site-packages (from -r requirements.txt (line 26)) (3.9.2)
Collecting trimesh[easy] (from -r requirements.txt (line 23))
  Downloading http://mirrors.aliyun.com/pypi/packages/8e/bc/f36afd1ad03d09cd0d311be5951f2dd705a824f34dd871779d42c277d741/trimesh-4.8.3-py3-none-any.whl (735 kB)
     ━━━━━━━━━━━━━━━━━━━━━━━━━━━━━━━━━━━━━━━━ 735.5/735.5 kB 5.3 MB/s  0:00:00
Requirement already satisfied: typing-extensions>=4.8.0 in /root/miniconda3/lib/python3.12/site-packages (from torch->-r requirements.txt (line 1)) (4.15.0)
Requirement already satisfied: networkx in /root/miniconda3/lib/python3.12/site-packages (from torch->-r requirements.txt (line 1)) (3.4.2)
Requirement already satisfied: jinja2 in /root/miniconda3/lib/python3.12/site-packages (from torch->-r requirements.txt (line 1)) (3.1.4)
Requirement already satisfied: fsspec in /root/miniconda3/lib/python3.12/site-packages (from torch->-r requirements.txt (line 1)) (2024.10.0)
Requirement already satisfied: nvidia-cuda-nvrtc-cu12==12.4.127 in /root/miniconda3/lib/python3.12/site-packages (from torch->-r requirements.txt (line 1)) (12.4.127)
Requirement already satisfied: nvidia-cuda-runtime-cu12==12.4.127 in /root/miniconda3/lib/python3.12/site-packages (from torch->-r requirements.txt (line 1)) (12.4.127)
Requirement already satisfied: nvidia-cuda-cupti-cu12==12.4.127 in /root/miniconda3/lib/python3.12/site-packages (from torch->-r requirements.txt (line 1)) (12.4.127)
Requirement already satisfied: nvidia-cudnn-cu12==9.1.0.70 in /root/miniconda3/lib/python3.12/site-packages (from torch->-r requirements.txt (line 1)) (9.1.0.70)
Requirement already satisfied: nvidia-cublas-cu12==12.4.5.8 in /root/miniconda3/lib/python3.12/site-packages (from torch->-r requirements.txt (line 1)) (12.4.5.8)
Requirement already satisfied: nvidia-cufft-cu12==11.2.1.3 in /root/miniconda3/lib/python3.12/site-packages (from torch->-r requirements.txt (line 1)) (11.2.1.3)
Requirement already satisfied: nvidia-curand-cu12==10.3.5.147 in /root/miniconda3/lib/python3.12/site-packages (from torch->-r requirements.txt (line 1)) (10.3.5.147)
Requirement already satisfied: nvidia-cusolver-cu12==11.6.1.9 in /root/miniconda3/lib/python3.12/site-packages (from torch->-r requirements.txt (line 1)) (11.6.1.9)
Requirement already satisfied: nvidia-cusparse-cu12==12.3.1.170 in /root/miniconda3/lib/python3.12/site-packages (from torch->-r requirements.txt (line 1)) (12.3.1.170)
Requirement already satisfied: nvidia-nccl-cu12==2.21.5 in /root/miniconda3/lib/python3.12/site-packages (from torch->-r requirements.txt (line 1)) (2.21.5)
Requirement already satisfied: nvidia-nvtx-cu12==12.4.127 in /root/miniconda3/lib/python3.12/site-packages (from torch->-r requirements.txt (line 1)) (12.4.127)
Requirement already satisfied: nvidia-nvjitlink-cu12==12.4.127 in /root/miniconda3/lib/python3.12/site-packages (from torch->-r requirements.txt (line 1)) (12.4.127)
Requirement already satisfied: triton==3.1.0 in /root/miniconda3/lib/python3.12/site-packages (from torch->-r requirements.txt (line 1)) (3.1.0)
Requirement already satisfied: setuptools in /root/miniconda3/lib/python3.12/site-packages (from torch->-r requirements.txt (line 1)) (69.5.1)
Requirement already satisfied: sympy==1.13.1 in /root/miniconda3/lib/python3.12/site-packages (from torch->-r requirements.txt (line 1)) (1.13.1)
Requirement already satisfied: mpmath<1.4,>=1.1.0 in /root/miniconda3/lib/python3.12/site-packages (from sympy==1.13.1->torch->-r requirements.txt (line 1)) (1.3.0)
Requirement already satisfied: zipp>=3.20 in /root/miniconda3/lib/python3.12/site-packages (from importlib_metadata->-r requirements.txt (line 2)) (3.23.0)
Requirement already satisfied: packaging>=20.9 in /root/miniconda3/lib/python3.12/site-packages (from huggingface_hub->-r requirements.txt (line 3)) (25.0)
Requirement already satisfied: requests in /root/miniconda3/lib/python3.12/site-packages (from huggingface_hub->-r requirements.txt (line 3)) (2.31.0)
Requirement already satisfied: tqdm>=4.42.1 in /root/miniconda3/lib/python3.12/site-packages (from huggingface_hub->-r requirements.txt (line 3)) (4.66.2)
Requirement already satisfied: hf-xet<2.0.0,>=1.1.3 in /root/miniconda3/lib/python3.12/site-packages (from huggingface_hub->-r requirements.txt (line 3)) (1.1.10)
Requirement already satisfied: imageio!=2.35.0,>=2.33 in /root/miniconda3/lib/python3.12/site-packages (from scikit-image->-r requirements.txt (line 12)) (2.37.0)
Requirement already satisfied: tifffile>=2022.8.12 in /root/miniconda3/lib/python3.12/site-packages (from scikit-image->-r requirements.txt (line 12)) (2025.10.16)
Requirement already satisfied: lazy-loader>=0.4 in /root/miniconda3/lib/python3.12/site-packages (from scikit-image->-r requirements.txt (line 12)) (0.4)
Requirement already satisfied: six>=1.5 in /root/miniconda3/lib/python3.12/site-packages (from python-dateutil->-r requirements.txt (line 13)) (1.16.0)
Requirement already satisfied: absl-py in /root/miniconda3/lib/python3.12/site-packages (from mediapipe->-r requirements.txt (line 14)) (2.1.0)
Requirement already satisfied: attrs>=19.1.0 in /root/miniconda3/lib/python3.12/site-packages (from mediapipe->-r requirements.txt (line 14)) (24.2.0)
Requirement already satisfied: flatbuffers>=2.0 in /root/miniconda3/lib/python3.12/site-packages (from mediapipe->-r requirements.txt (line 14)) (25.9.23)
Collecting jax (from mediapipe->-r requirements.txt (line 14))
  Downloading http://mirrors.aliyun.com/pypi/packages/b3/77/4e6c9a54247810eff8ac8a1af7dc1be0779b52df0d82f3fc8586061914f3/jax-0.8.0-py3-none-any.whl (2.9 MB)
     ━━━━━━━━━━━━━━━━━━━━━━━━━━━━━━━━━━━━━━━━ 2.9/2.9 MB 5.8 MB/s  0:00:00
Collecting jaxlib (from mediapipe->-r requirements.txt (line 14))
  Downloading http://mirrors.aliyun.com/pypi/packages/07/57/3e4abd3e8af698834c261a39247e4a098fef38378b9bd7b44f78b30f52ae/jaxlib-0.8.0-cp312-cp312-manylinux_2_27_x86_64.whl (79.7 MB)
     ━━━━━━━━━━━━━━━━━━━━━━━━━━━━━━━━━━━━━━━━ 79.7/79.7 MB 5.5 MB/s  0:00:14
INFO: pip is looking at multiple versions of mediapipe to determine which version is compatible with other requirements. This could take a while.
Collecting mediapipe (from -r requirements.txt (line 14))
  Downloading http://mirrors.aliyun.com/pypi/packages/6d/49/49b201714a1c762268c153cecbcb03765e77b4f0d758589dbf4c8ce228ba/mediapipe-0.10.20-cp312-cp312-manylinux_2_28_x86_64.whl (35.6 MB)
     ━━━━━━━━━━━━━━━━━━━━━━━━━━━━━━━━━━━━━━━━ 35.6/35.6 MB 5.6 MB/s  0:00:06
  Downloading http://mirrors.aliyun.com/pypi/packages/e2/41/1a28b2d89238fe3aa011af3ea13897eccc6b89e4a9002045cd3f2af86b3d/mediapipe-0.10.18-cp312-cp312-manylinux_2_17_x86_64.manylinux2014_x86_64.whl (36.1 MB)
     ━━━━━━━━━━━━━━━━━━━━━━━━━━━━━━━━━━━━━━━━ 36.1/36.1 MB 5.5 MB/s  0:00:06
  Downloading http://mirrors.aliyun.com/pypi/packages/5e/c1/20447696a967b07f5bf9c77cf037b5d06d26e596daf416170e6cfca79613/mediapipe-0.10.15-cp312-cp312-manylinux_2_17_x86_64.manylinux2014_x86_64.whl (35.9 MB)
     ━━━━━━━━━━━━━━━━━━━━━━━━━━━━━━━━━━━━━━━━ 35.9/35.9 MB 5.6 MB/s  0:00:06
  Downloading http://mirrors.aliyun.com/pypi/packages/11/73/07c6dcbb322f86e2b8526e0073456dbdd2813d5351f772f882123c985fda/mediapipe-0.10.14-cp312-cp312-manylinux_2_17_x86_64.manylinux2014_x86_64.whl (35.7 MB)
     ━━━━━━━━━━━━━━━━━━━━━━━━━━━━━━━━━━━━━━━━ 35.7/35.7 MB 5.0 MB/s  0:00:07
Collecting opencv-contrib-python (from mediapipe->-r requirements.txt (line 14))
  Downloading http://mirrors.aliyun.com/pypi/packages/6a/67/905c2c9364dcd450a0997a489fd3976a10a83cd1ebcbd3d039bb2525b54c/opencv_contrib_python-4.12.0.88-cp37-abi3-manylinux2014_x86_64.manylinux_2_17_x86_64.whl (73.2 MB)
     ━━━━━━━━━━━━━━━━━━━━━━━━━━━━━━━━━━━━━━━━ 73.2/73.2 MB 4.3 MB/s  0:00:16
Collecting protobuf<5,>=4.25.3 (from mediapipe->-r requirements.txt (line 14))
  Downloading http://mirrors.aliyun.com/pypi/packages/d6/c6/c9deaa6e789b6fc41b88ccbdfe7a42d2b82663248b715f55aa77fbc00724/protobuf-4.25.8-cp37-abi3-manylinux2014_x86_64.whl (294 kB)
Collecting sounddevice>=0.4.4 (from mediapipe->-r requirements.txt (line 14))
  Downloading http://mirrors.aliyun.com/pypi/packages/75/2d/582738fc01352a5bc20acac9221e58538365cecb3bb264838f66419df219/sounddevice-0.5.2-py3-none-any.whl (32 kB)
Collecting cssselect2>=0.2.0 (from svglib->-r requirements.txt (line 15))
  Downloading http://mirrors.aliyun.com/pypi/packages/0f/e7/aa315e6a749d9b96c2504a1ba0ba031ba2d0517e972ce22682e3fccecb09/cssselect2-0.8.0-py3-none-any.whl (15 kB)
Collecting lxml>=6.0.0 (from svglib->-r requirements.txt (line 15))
  Downloading http://mirrors.aliyun.com/pypi/packages/c6/d1/232b3309a02d60f11e71857778bfcd4acbdb86c07db8260caf7d008b08f8/lxml-6.0.2-cp312-cp312-manylinux_2_26_x86_64.manylinux_2_28_x86_64.whl (5.3 MB)
     ━━━━━━━━━━━━━━━━━━━━━━━━━━━━━━━━━━━━━━━━ 5.3/5.3 MB 3.2 MB/s  0:00:01
Collecting reportlab>=4.4.3 (from svglib->-r requirements.txt (line 15))
  Downloading http://mirrors.aliyun.com/pypi/packages/57/66/e040586fe6f9ae7f3a6986186653791fb865947f0b745290ee4ab026b834/reportlab-4.4.4-py3-none-any.whl (2.0 MB)
     ━━━━━━━━━━━━━━━━━━━━━━━━━━━━━━━━━━━━━━━━ 2.0/2.0 MB 3.1 MB/s  0:00:00
Collecting rlpycairo>=0.4.0 (from svglib->-r requirements.txt (line 15))
  Downloading http://mirrors.aliyun.com/pypi/packages/6a/00/d26b61e82163a59334e9f2ae31ba95ac01922da3792f090e11762d4422e8/rlpycairo-0.4.0-py3-none-any.whl (7.6 kB)
Requirement already satisfied: tinycss2>=0.6.0 in /root/miniconda3/lib/python3.12/site-packages (from svglib->-r requirements.txt (line 15)) (1.4.0)
Collecting termcolor>=1.1 (from fvcore->-r requirements.txt (line 16))
  Downloading http://mirrors.aliyun.com/pypi/packages/4f/bd/de8d508070629b6d84a30d01d57e4a65c69aa7f5abe7560b8fad3b50ea59/termcolor-3.1.0-py3-none-any.whl (7.7 kB)
Collecting tabulate (from fvcore->-r requirements.txt (line 16))
  Downloading http://mirrors.aliyun.com/pypi/packages/40/44/4a5f08c96eb108af5cb50b41f76142f0afa346dfa99d5296fe7202a11854/tabulate-0.9.0-py3-none-any.whl (35 kB)
Requirement already satisfied: iopath>=0.1.7 in /root/miniconda3/lib/python3.12/site-packages (from fvcore->-r requirements.txt (line 16)) (0.1.10)
Requirement already satisfied: platformdirs>=3.5.1 in /root/miniconda3/lib/python3.12/site-packages (from yapf->-r requirements.txt (line 17)) (3.10.0)
Requirement already satisfied: antlr4-python3-runtime==4.9.* in /root/miniconda3/lib/python3.12/site-packages (from omegaconf->-r requirements.txt (line 18)) (4.9.3)
Requirement already satisfied: wcwidth in /root/miniconda3/lib/python3.12/site-packages (from ftfy->-r requirements.txt (line 19)) (0.2.13)
Collecting colorlog (from trimesh[easy]->-r requirements.txt (line 23))
  Downloading http://mirrors.aliyun.com/pypi/packages/6d/c1/e419ef3723a074172b68aaa89c9f3de486ed4c2399e2dbd8113a4fdcaf9e/colorlog-6.10.1-py3-none-any.whl (11 kB)
Collecting manifold3d>=2.3.0 (from trimesh[easy]->-r requirements.txt (line 23))
  Downloading http://mirrors.aliyun.com/pypi/packages/9d/24/c63faf4c466e32345597e8a27af1151a957800a8a317dcaf126a8e17aa96/manifold3d-3.2.1-cp312-cp312-manylinux_2_27_x86_64.manylinux_2_28_x86_64.whl (1.2 MB)
     ━━━━━━━━━━━━━━━━━━━━━━━━━━━━━━━━━━━━━━━━ 1.2/1.2 MB 2.7 MB/s  0:00:00
Requirement already satisfied: charset-normalizer in /root/miniconda3/lib/python3.12/site-packages (from trimesh[easy]->-r requirements.txt (line 23)) (2.0.4)
Requirement already satisfied: jsonschema in /root/miniconda3/lib/python3.12/site-packages (from trimesh[easy]->-r requirements.txt (line 23)) (4.23.0)
Collecting svg.path (from trimesh[easy]->-r requirements.txt (line 23))
  Downloading http://mirrors.aliyun.com/pypi/packages/3a/83/4f5b250220e1a5acd31345a5ec1c95a7769725d0d8135276f399f44062f8/svg_path-7.0-py2.py3-none-any.whl (18 kB)
Collecting pycollada (from trimesh[easy]->-r requirements.txt (line 23))
  Downloading http://mirrors.aliyun.com/pypi/packages/d1/75/04e83be415fc67fa29d2447eb3248ea3bb79c2243be3f2fdfcca3699ce8b/pycollada-0.9.2-py3-none-any.whl (128 kB)
Collecting shapely (from trimesh[easy]->-r requirements.txt (line 23))
  Downloading http://mirrors.aliyun.com/pypi/packages/b9/37/e781683abac55dde9771e086b790e554811a71ed0b2b8a1e789b7430dd44/shapely-2.1.2-cp312-cp312-manylinux2014_x86_64.manylinux_2_17_x86_64.whl (3.1 MB)
     ━━━━━━━━━━━━━━━━━━━━━━━━━━━━━━━━━━━━━━━━ 3.1/3.1 MB 3.2 MB/s  0:00:00
Collecting xxhash (from trimesh[easy]->-r requirements.txt (line 23))
  Downloading http://mirrors.aliyun.com/pypi/packages/11/4f/426f91b96701ec2f37bb2b8cec664eff4f658a11f3fa9d94f0a887ea6d2b/xxhash-3.6.0-cp312-cp312-manylinux2014_x86_64.manylinux_2_17_x86_64.manylinux_2_28_x86_64.whl (193 kB)
Collecting rtree (from trimesh[easy]->-r requirements.txt (line 23))
  Downloading http://mirrors.aliyun.com/pypi/packages/d1/75/e5d44be90525cd28503e7f836d077ae6663ec0687a13ba7810b4114b3668/rtree-1.4.1-py3-none-manylinux_2_24_x86_64.manylinux_2_28_x86_64.whl (507 kB)
Requirement already satisfied: httpx in /root/miniconda3/lib/python3.12/site-packages (from trimesh[easy]->-r requirements.txt (line 23)) (0.27.2)
Collecting embreex (from trimesh[easy]->-r requirements.txt (line 23))
  Downloading http://mirrors.aliyun.com/pypi/packages/3e/80/d7ee20576130473e1c9bc1f8acb149743f2bcd77fc601fb9a0a13daa14c8/embreex-2.17.7.post6-cp312-cp312-manylinux_2_28_x86_64.whl (17.2 MB)
     ━━━━━━━━━━━━━━━━━━━━━━━━━━━━━━━━━━━━━━━━ 17.2/17.2 MB 3.2 MB/s  0:00:05
Collecting vhacdx (from trimesh[easy]->-r requirements.txt (line 23))
  Downloading http://mirrors.aliyun.com/pypi/packages/37/66/40a09cfff237ad76ff22fad65bd1ed41c669e55a517b60c644271fc073d5/vhacdx-0.0.8.post2-cp312-cp312-manylinux_2_17_x86_64.manylinux2014_x86_64.whl (265 kB)
Collecting mapbox_earcut>=1.0.2 (from trimesh[easy]->-r requirements.txt (line 23))
  Downloading http://mirrors.aliyun.com/pypi/packages/e7/68/59a514811da76c3c801207bd6d7094ea5ba75648c2e7f15d4cb98b08216f/mapbox_earcut-1.0.3-cp312-cp312-manylinux_2_17_x86_64.manylinux2014_x86_64.whl (96 kB)
Requirement already satisfied: pydantic>=2.9.2 in /root/miniconda3/lib/python3.12/site-packages (from albumentations->-r requirements.txt (line 24)) (2.12.3)
Requirement already satisfied: albucore==0.0.24 in /root/miniconda3/lib/python3.12/site-packages (from albumentations->-r requirements.txt (line 24)) (0.0.24)
Requirement already satisfied: opencv-python-headless>=4.9.0.80 in /root/miniconda3/lib/python3.12/site-packages (from albumentations->-r requirements.txt (line 24)) (4.12.0.88)
Requirement already satisfied: stringzilla>=3.10.4 in /root/miniconda3/lib/python3.12/site-packages (from albucore==0.0.24->albumentations->-r requirements.txt (line 24)) (4.2.1)
Requirement already satisfied: simsimd>=5.9.2 in /root/miniconda3/lib/python3.12/site-packages (from albucore==0.0.24->albumentations->-r requirements.txt (line 24)) (6.5.3)
Requirement already satisfied: joblib>=1.2.0 in /root/miniconda3/lib/python3.12/site-packages (from scikit-learn->-r requirements.txt (line 25)) (1.5.2)
Requirement already satisfied: threadpoolctl>=3.1.0 in /root/miniconda3/lib/python3.12/site-packages (from scikit-learn->-r requirements.txt (line 25)) (3.6.0)
Requirement already satisfied: contourpy>=1.0.1 in /root/miniconda3/lib/python3.12/site-packages (from matplotlib->-r requirements.txt (line 26)) (1.3.1)
Requirement already satisfied: cycler>=0.10 in /root/miniconda3/lib/python3.12/site-packages (from matplotlib->-r requirements.txt (line 26)) (0.12.1)
Requirement already satisfied: fonttools>=4.22.0 in /root/miniconda3/lib/python3.12/site-packages (from matplotlib->-r requirements.txt (line 26)) (4.55.0)
Requirement already satisfied: kiwisolver>=1.3.1 in /root/miniconda3/lib/python3.12/site-packages (from matplotlib->-r requirements.txt (line 26)) (1.4.7)
Requirement already satisfied: pyparsing>=2.3.1 in /root/miniconda3/lib/python3.12/site-packages (from matplotlib->-r requirements.txt (line 26)) (3.2.0)
Requirement already satisfied: webencodings in /root/miniconda3/lib/python3.12/site-packages (from cssselect2>=0.2.0->svglib->-r requirements.txt (line 15)) (0.5.1)
Requirement already satisfied: portalocker in /root/miniconda3/lib/python3.12/site-packages (from iopath>=0.1.7->fvcore->-r requirements.txt (line 16)) (3.2.0)
Requirement already satisfied: annotated-types>=0.6.0 in /root/miniconda3/lib/python3.12/site-packages (from pydantic>=2.9.2->albumentations->-r requirements.txt (line 24)) (0.7.0)
Requirement already satisfied: pydantic-core==2.41.4 in /root/miniconda3/lib/python3.12/site-packages (from pydantic>=2.9.2->albumentations->-r requirements.txt (line 24)) (2.41.4)
Requirement already satisfied: typing-inspection>=0.4.2 in /root/miniconda3/lib/python3.12/site-packages (from pydantic>=2.9.2->albumentations->-r requirements.txt (line 24)) (0.4.2)
Collecting pycairo>=1.20.0 (from rlpycairo>=0.4.0->svglib->-r requirements.txt (line 15))
  Downloading http://mirrors.aliyun.com/pypi/packages/40/d9/412da520de9052b7e80bfc810ec10f5cb3dbfa4aa3e23c2820dc61cdb3d0/pycairo-1.28.0.tar.gz (662 kB)
     ━━━━━━━━━━━━━━━━━━━━━━━━━━━━━━━━━━━━━━━━ 662.5/662.5 kB 3.0 MB/s  0:00:00
  Installing build dependencies: started
  Installing build dependencies: finished with status 'done'
  Getting requirements to build wheel: started
  Getting requirements to build wheel: finished with status 'done'
  Installing backend dependencies: started
  Installing backend dependencies: finished with status 'done'
  Preparing metadata (pyproject.toml): started
  Preparing metadata (pyproject.toml): finished with status 'error'
  error: subprocess-exited-with-error
  
  × Preparing metadata (pyproject.toml) did not run successfully.
  │ exit code: 1
  ╰─> [48 lines of output]
      + meson setup /tmp/pip-install-tm1reng3/pycairo_57e5cc1ce4554889ac329b314ef74e29 /tmp/pip-install-tm1reng3/pycairo_57e5cc1ce4554889ac329b314ef74e29/.mesonpy-p1tql29p -Dbuildtype=release -Db_ndebug=if-release -Db_vscrt=md -Dwheel=true -Dtests=false --native-file=/tmp/pip-install-tm1reng3/pycairo_57e5cc1ce4554889ac329b314ef74e29/.mesonpy-p1tql29p/meson-python-native-file.ini
      The Meson build system
      Version: 1.9.1
      Source dir: /tmp/pip-install-tm1reng3/pycairo_57e5cc1ce4554889ac329b314ef74e29
      Build dir: /tmp/pip-install-tm1reng3/pycairo_57e5cc1ce4554889ac329b314ef74e29/.mesonpy-p1tql29p
      Build type: native build
      Project name: pycairo
      Project version: 1.28.0
      C compiler for the host machine: cc (gcc 11.4.0 "cc (Ubuntu 11.4.0-1ubuntu1~22.04) 11.4.0")
      C linker for the host machine: cc ld.bfd 2.38
      Host machine cpu family: x86_64
      Host machine cpu: x86_64
      Program python3 found: YES (/root/miniconda3/bin/python)
      Compiler for C supports arguments -Wall: YES
      Compiler for C supports arguments -Warray-bounds: YES
      Compiler for C supports arguments -Wcast-align: YES
      Compiler for C supports arguments -Wconversion: YES
      Compiler for C supports arguments -Wextra: YES
      Compiler for C supports arguments -Wformat=2: YES
      Compiler for C supports arguments -Wformat-nonliteral: YES
      Compiler for C supports arguments -Wformat-security: YES
      Compiler for C supports arguments -Wimplicit-function-declaration: YES
      Compiler for C supports arguments -Winit-self: YES
      Compiler for C supports arguments -Winline: YES
      Compiler for C supports arguments -Wmissing-format-attribute: YES
      Compiler for C supports arguments -Wmissing-noreturn: YES
      Compiler for C supports arguments -Wnested-externs: YES
      Compiler for C supports arguments -Wold-style-definition: YES
      Compiler for C supports arguments -Wpacked: YES
      Compiler for C supports arguments -Wpointer-arith: YES
      Compiler for C supports arguments -Wreturn-type: YES
      Compiler for C supports arguments -Wshadow: YES
      Compiler for C supports arguments -Wsign-compare: YES
      Compiler for C supports arguments -Wstrict-aliasing: YES
      Compiler for C supports arguments -Wundef: YES
      Compiler for C supports arguments -Wunused-but-set-variable: YES
      Compiler for C supports arguments -Wswitch-default: YES
      Compiler for C supports arguments -Wno-missing-field-initializers: YES
      Compiler for C supports arguments -Wno-unused-parameter: YES
      Compiler for C supports arguments -fno-strict-aliasing: YES
      Compiler for C supports arguments -fvisibility=hidden: YES
      Found pkg-config: YES (/usr/bin/pkg-config) 0.29.2
      Found CMake: /usr/bin/cmake (3.22.1)
      Run-time dependency cairo found: NO (tried pkgconfig and cmake)
      
      ../cairo/meson.build:31:12: ERROR: Dependency "cairo" not found, tried pkgconfig and cmake
      
      A full log can be found at /tmp/pip-install-tm1reng3/pycairo_57e5cc1ce4554889ac329b314ef74e29/.mesonpy-p1tql29p/meson-logs/meson-log.txt
      [end of output]
  
  note: This error originates from a subprocess, and is likely not a problem with pip.
error: metadata-generation-failed

× Encountered error while generating package metadata.
╰─> See above for output.

note: This is an issue with the package mentioned above, not pip.
hint: See above for details.

=== Installing in comfyui_segment_anything/ ===
Looking in indexes: http://mirrors.aliyun.com/pypi/simple
Requirement already satisfied: segment_anything in /root/miniconda3/lib/python3.12/site-packages (from -r requirements.txt (line 1)) (1.0)
Requirement already satisfied: timm in /root/miniconda3/lib/python3.12/site-packages (from -r requirements.txt (line 2)) (1.0.20)
Collecting addict (from -r requirements.txt (line 3))
  Using cached http://mirrors.aliyun.com/pypi/packages/6a/00/b08f23b7d7e1e14ce01419a467b583edbb93c6cdb8654e54a9cc579cd61f/addict-2.4.0-py3-none-any.whl (3.8 kB)
Collecting yapf (from -r requirements.txt (line 4))
  Using cached http://mirrors.aliyun.com/pypi/packages/37/81/6acd6601f61e31cfb8729d3da6d5df966f80f374b78eff83760714487338/yapf-0.43.0-py3-none-any.whl (256 kB)
Requirement already satisfied: torch in /root/miniconda3/lib/python3.12/site-packages (from timm->-r requirements.txt (line 2)) (2.5.1+cu124)
Requirement already satisfied: torchvision in /root/miniconda3/lib/python3.12/site-packages (from timm->-r requirements.txt (line 2)) (0.20.1+cu124)
Requirement already satisfied: pyyaml in /root/miniconda3/lib/python3.12/site-packages (from timm->-r requirements.txt (line 2)) (6.0.2)
Requirement already satisfied: huggingface_hub in /root/miniconda3/lib/python3.12/site-packages (from timm->-r requirements.txt (line 2)) (0.35.3)
Requirement already satisfied: safetensors in /root/miniconda3/lib/python3.12/site-packages (from timm->-r requirements.txt (line 2)) (0.6.2)
Requirement already satisfied: platformdirs>=3.5.1 in /root/miniconda3/lib/python3.12/site-packages (from yapf->-r requirements.txt (line 4)) (3.10.0)
Requirement already satisfied: filelock in /root/miniconda3/lib/python3.12/site-packages (from huggingface_hub->timm->-r requirements.txt (line 2)) (3.16.1)
Requirement already satisfied: fsspec>=2023.5.0 in /root/miniconda3/lib/python3.12/site-packages (from huggingface_hub->timm->-r requirements.txt (line 2)) (2024.10.0)
Requirement already satisfied: packaging>=20.9 in /root/miniconda3/lib/python3.12/site-packages (from huggingface_hub->timm->-r requirements.txt (line 2)) (25.0)
Requirement already satisfied: requests in /root/miniconda3/lib/python3.12/site-packages (from huggingface_hub->timm->-r requirements.txt (line 2)) (2.31.0)
Requirement already satisfied: tqdm>=4.42.1 in /root/miniconda3/lib/python3.12/site-packages (from huggingface_hub->timm->-r requirements.txt (line 2)) (4.66.2)
Requirement already satisfied: typing-extensions>=3.7.4.3 in /root/miniconda3/lib/python3.12/site-packages (from huggingface_hub->timm->-r requirements.txt (line 2)) (4.15.0)
Requirement already satisfied: hf-xet<2.0.0,>=1.1.3 in /root/miniconda3/lib/python3.12/site-packages (from huggingface_hub->timm->-r requirements.txt (line 2)) (1.1.10)
Requirement already satisfied: charset-normalizer<4,>=2 in /root/miniconda3/lib/python3.12/site-packages (from requests->huggingface_hub->timm->-r requirements.txt (line 2)) (2.0.4)
Requirement already satisfied: idna<4,>=2.5 in /root/miniconda3/lib/python3.12/site-packages (from requests->huggingface_hub->timm->-r requirements.txt (line 2)) (3.7)
Requirement already satisfied: urllib3<3,>=1.21.1 in /root/miniconda3/lib/python3.12/site-packages (from requests->huggingface_hub->timm->-r requirements.txt (line 2)) (2.1.0)
Requirement already satisfied: certifi>=2017.4.17 in /root/miniconda3/lib/python3.12/site-packages (from requests->huggingface_hub->timm->-r requirements.txt (line 2)) (2024.2.2)
Requirement already satisfied: networkx in /root/miniconda3/lib/python3.12/site-packages (from torch->timm->-r requirements.txt (line 2)) (3.4.2)
Requirement already satisfied: jinja2 in /root/miniconda3/lib/python3.12/site-packages (from torch->timm->-r requirements.txt (line 2)) (3.1.4)
Requirement already satisfied: nvidia-cuda-nvrtc-cu12==12.4.127 in /root/miniconda3/lib/python3.12/site-packages (from torch->timm->-r requirements.txt (line 2)) (12.4.127)
Requirement already satisfied: nvidia-cuda-runtime-cu12==12.4.127 in /root/miniconda3/lib/python3.12/site-packages (from torch->timm->-r requirements.txt (line 2)) (12.4.127)
Requirement already satisfied: nvidia-cuda-cupti-cu12==12.4.127 in /root/miniconda3/lib/python3.12/site-packages (from torch->timm->-r requirements.txt (line 2)) (12.4.127)
Requirement already satisfied: nvidia-cudnn-cu12==9.1.0.70 in /root/miniconda3/lib/python3.12/site-packages (from torch->timm->-r requirements.txt (line 2)) (9.1.0.70)
Requirement already satisfied: nvidia-cublas-cu12==12.4.5.8 in /root/miniconda3/lib/python3.12/site-packages (from torch->timm->-r requirements.txt (line 2)) (12.4.5.8)
Requirement already satisfied: nvidia-cufft-cu12==11.2.1.3 in /root/miniconda3/lib/python3.12/site-packages (from torch->timm->-r requirements.txt (line 2)) (11.2.1.3)
Requirement already satisfied: nvidia-curand-cu12==10.3.5.147 in /root/miniconda3/lib/python3.12/site-packages (from torch->timm->-r requirements.txt (line 2)) (10.3.5.147)
Requirement already satisfied: nvidia-cusolver-cu12==11.6.1.9 in /root/miniconda3/lib/python3.12/site-packages (from torch->timm->-r requirements.txt (line 2)) (11.6.1.9)
Requirement already satisfied: nvidia-cusparse-cu12==12.3.1.170 in /root/miniconda3/lib/python3.12/site-packages (from torch->timm->-r requirements.txt (line 2)) (12.3.1.170)
Requirement already satisfied: nvidia-nccl-cu12==2.21.5 in /root/miniconda3/lib/python3.12/site-packages (from torch->timm->-r requirements.txt (line 2)) (2.21.5)
Requirement already satisfied: nvidia-nvtx-cu12==12.4.127 in /root/miniconda3/lib/python3.12/site-packages (from torch->timm->-r requirements.txt (line 2)) (12.4.127)
Requirement already satisfied: nvidia-nvjitlink-cu12==12.4.127 in /root/miniconda3/lib/python3.12/site-packages (from torch->timm->-r requirements.txt (line 2)) (12.4.127)
Requirement already satisfied: triton==3.1.0 in /root/miniconda3/lib/python3.12/site-packages (from torch->timm->-r requirements.txt (line 2)) (3.1.0)
Requirement already satisfied: setuptools in /root/miniconda3/lib/python3.12/site-packages (from torch->timm->-r requirements.txt (line 2)) (69.5.1)
Requirement already satisfied: sympy==1.13.1 in /root/miniconda3/lib/python3.12/site-packages (from torch->timm->-r requirements.txt (line 2)) (1.13.1)
Requirement already satisfied: mpmath<1.4,>=1.1.0 in /root/miniconda3/lib/python3.12/site-packages (from sympy==1.13.1->torch->timm->-r requirements.txt (line 2)) (1.3.0)
Requirement already satisfied: MarkupSafe>=2.0 in /root/miniconda3/lib/python3.12/site-packages (from jinja2->torch->timm->-r requirements.txt (line 2)) (3.0.2)
Requirement already satisfied: numpy in /root/miniconda3/lib/python3.12/site-packages (from torchvision->timm->-r requirements.txt (line 2)) (2.1.3)
Requirement already satisfied: pillow!=8.3.*,>=5.3.0 in /root/miniconda3/lib/python3.12/site-packages (from torchvision->timm->-r requirements.txt (line 2)) (11.0.0)
Installing collected packages: addict, yapf

Successfully installed addict-2.4.0 yapf-0.43.0
WARNING: Running pip as the 'root' user can result in broken permissions and conflicting behaviour with the system package manager, possibly rendering your system unusable. It is recommended to use a virtual environment instead: https://pip.pypa.io/warnings/venv. Use the --root-user-action option if you know what you are doing and want to suppress this warning.

=== Installing in efficiency-nodes-comfyui/ ===
Looking in indexes: http://mirrors.aliyun.com/pypi/simple
Requirement already satisfied: clip-interrogator in /root/miniconda3/lib/python3.12/site-packages (from -r requirements.txt (line 1)) (0.6.0)
Collecting simpleeval (from -r requirements.txt (line 2))
  Downloading http://mirrors.aliyun.com/pypi/packages/a0/e9/e58082fbb8cecbb6fb4133033c40cc50c248b1a331582be3a0f39138d65b/simpleeval-1.0.3-py3-none-any.whl (15 kB)
Requirement already satisfied: torch in /root/miniconda3/lib/python3.12/site-packages (from clip-interrogator->-r requirements.txt (line 1)) (2.5.1+cu124)
Requirement already satisfied: torchvision in /root/miniconda3/lib/python3.12/site-packages (from clip-interrogator->-r requirements.txt (line 1)) (0.20.1+cu124)
Requirement already satisfied: Pillow in /root/miniconda3/lib/python3.12/site-packages (from clip-interrogator->-r requirements.txt (line 1)) (11.0.0)
Requirement already satisfied: requests in /root/miniconda3/lib/python3.12/site-packages (from clip-interrogator->-r requirements.txt (line 1)) (2.31.0)
Requirement already satisfied: safetensors in /root/miniconda3/lib/python3.12/site-packages (from clip-interrogator->-r requirements.txt (line 1)) (0.6.2)
Requirement already satisfied: tqdm in /root/miniconda3/lib/python3.12/site-packages (from clip-interrogator->-r requirements.txt (line 1)) (4.66.2)
Requirement already satisfied: open-clip-torch in /root/miniconda3/lib/python3.12/site-packages (from clip-interrogator->-r requirements.txt (line 1)) (3.2.0)
Requirement already satisfied: accelerate in /root/miniconda3/lib/python3.12/site-packages (from clip-interrogator->-r requirements.txt (line 1)) (1.10.1)
Requirement already satisfied: transformers>=4.27.1 in /root/miniconda3/lib/python3.12/site-packages (from clip-interrogator->-r requirements.txt (line 1)) (4.57.1)
Requirement already satisfied: filelock in /root/miniconda3/lib/python3.12/site-packages (from transformers>=4.27.1->clip-interrogator->-r requirements.txt (line 1)) (3.16.1)
Requirement already satisfied: huggingface-hub<1.0,>=0.34.0 in /root/miniconda3/lib/python3.12/site-packages (from transformers>=4.27.1->clip-interrogator->-r requirements.txt (line 1)) (0.35.3)
Requirement already satisfied: numpy>=1.17 in /root/miniconda3/lib/python3.12/site-packages (from transformers>=4.27.1->clip-interrogator->-r requirements.txt (line 1)) (2.1.3)
Requirement already satisfied: packaging>=20.0 in /root/miniconda3/lib/python3.12/site-packages (from transformers>=4.27.1->clip-interrogator->-r requirements.txt (line 1)) (25.0)
Requirement already satisfied: pyyaml>=5.1 in /root/miniconda3/lib/python3.12/site-packages (from transformers>=4.27.1->clip-interrogator->-r requirements.txt (line 1)) (6.0.2)
Requirement already satisfied: regex!=2019.12.17 in /root/miniconda3/lib/python3.12/site-packages (from transformers>=4.27.1->clip-interrogator->-r requirements.txt (line 1)) (2025.9.18)
Requirement already satisfied: tokenizers<=0.23.0,>=0.22.0 in /root/miniconda3/lib/python3.12/site-packages (from transformers>=4.27.1->clip-interrogator->-r requirements.txt (line 1)) (0.22.1)
Requirement already satisfied: fsspec>=2023.5.0 in /root/miniconda3/lib/python3.12/site-packages (from huggingface-hub<1.0,>=0.34.0->transformers>=4.27.1->clip-interrogator->-r requirements.txt (line 1)) (2024.10.0)
Requirement already satisfied: typing-extensions>=3.7.4.3 in /root/miniconda3/lib/python3.12/site-packages (from huggingface-hub<1.0,>=0.34.0->transformers>=4.27.1->clip-interrogator->-r requirements.txt (line 1)) (4.15.0)
Requirement already satisfied: hf-xet<2.0.0,>=1.1.3 in /root/miniconda3/lib/python3.12/site-packages (from huggingface-hub<1.0,>=0.34.0->transformers>=4.27.1->clip-interrogator->-r requirements.txt (line 1)) (1.1.10)
Requirement already satisfied: psutil in /root/miniconda3/lib/python3.12/site-packages (from accelerate->clip-interrogator->-r requirements.txt (line 1)) (6.1.0)
Requirement already satisfied: networkx in /root/miniconda3/lib/python3.12/site-packages (from torch->clip-interrogator->-r requirements.txt (line 1)) (3.4.2)
Requirement already satisfied: jinja2 in /root/miniconda3/lib/python3.12/site-packages (from torch->clip-interrogator->-r requirements.txt (line 1)) (3.1.4)
Requirement already satisfied: nvidia-cuda-nvrtc-cu12==12.4.127 in /root/miniconda3/lib/python3.12/site-packages (from torch->clip-interrogator->-r requirements.txt (line 1)) (12.4.127)
Requirement already satisfied: nvidia-cuda-runtime-cu12==12.4.127 in /root/miniconda3/lib/python3.12/site-packages (from torch->clip-interrogator->-r requirements.txt (line 1)) (12.4.127)
Requirement already satisfied: nvidia-cuda-cupti-cu12==12.4.127 in /root/miniconda3/lib/python3.12/site-packages (from torch->clip-interrogator->-r requirements.txt (line 1)) (12.4.127)
Requirement already satisfied: nvidia-cudnn-cu12==9.1.0.70 in /root/miniconda3/lib/python3.12/site-packages (from torch->clip-interrogator->-r requirements.txt (line 1)) (9.1.0.70)
Requirement already satisfied: nvidia-cublas-cu12==12.4.5.8 in /root/miniconda3/lib/python3.12/site-packages (from torch->clip-interrogator->-r requirements.txt (line 1)) (12.4.5.8)
Requirement already satisfied: nvidia-cufft-cu12==11.2.1.3 in /root/miniconda3/lib/python3.12/site-packages (from torch->clip-interrogator->-r requirements.txt (line 1)) (11.2.1.3)
Requirement already satisfied: nvidia-curand-cu12==10.3.5.147 in /root/miniconda3/lib/python3.12/site-packages (from torch->clip-interrogator->-r requirements.txt (line 1)) (10.3.5.147)
Requirement already satisfied: nvidia-cusolver-cu12==11.6.1.9 in /root/miniconda3/lib/python3.12/site-packages (from torch->clip-interrogator->-r requirements.txt (line 1)) (11.6.1.9)
Requirement already satisfied: nvidia-cusparse-cu12==12.3.1.170 in /root/miniconda3/lib/python3.12/site-packages (from torch->clip-interrogator->-r requirements.txt (line 1)) (12.3.1.170)
Requirement already satisfied: nvidia-nccl-cu12==2.21.5 in /root/miniconda3/lib/python3.12/site-packages (from torch->clip-interrogator->-r requirements.txt (line 1)) (2.21.5)
Requirement already satisfied: nvidia-nvtx-cu12==12.4.127 in /root/miniconda3/lib/python3.12/site-packages (from torch->clip-interrogator->-r requirements.txt (line 1)) (12.4.127)
Requirement already satisfied: nvidia-nvjitlink-cu12==12.4.127 in /root/miniconda3/lib/python3.12/site-packages (from torch->clip-interrogator->-r requirements.txt (line 1)) (12.4.127)
Requirement already satisfied: triton==3.1.0 in /root/miniconda3/lib/python3.12/site-packages (from torch->clip-interrogator->-r requirements.txt (line 1)) (3.1.0)
Requirement already satisfied: setuptools in /root/miniconda3/lib/python3.12/site-packages (from torch->clip-interrogator->-r requirements.txt (line 1)) (69.5.1)
Requirement already satisfied: sympy==1.13.1 in /root/miniconda3/lib/python3.12/site-packages (from torch->clip-interrogator->-r requirements.txt (line 1)) (1.13.1)
Requirement already satisfied: mpmath<1.4,>=1.1.0 in /root/miniconda3/lib/python3.12/site-packages (from sympy==1.13.1->torch->clip-interrogator->-r requirements.txt (line 1)) (1.3.0)
Requirement already satisfied: MarkupSafe>=2.0 in /root/miniconda3/lib/python3.12/site-packages (from jinja2->torch->clip-interrogator->-r requirements.txt (line 1)) (3.0.2)
Requirement already satisfied: ftfy in /root/miniconda3/lib/python3.12/site-packages (from open-clip-torch->clip-interrogator->-r requirements.txt (line 1)) (6.3.1)
Requirement already satisfied: timm>=1.0.17 in /root/miniconda3/lib/python3.12/site-packages (from open-clip-torch->clip-interrogator->-r requirements.txt (line 1)) (1.0.20)
Requirement already satisfied: wcwidth in /root/miniconda3/lib/python3.12/site-packages (from ftfy->open-clip-torch->clip-interrogator->-r requirements.txt (line 1)) (0.2.13)
Requirement already satisfied: charset-normalizer<4,>=2 in /root/miniconda3/lib/python3.12/site-packages (from requests->clip-interrogator->-r requirements.txt (line 1)) (2.0.4)
Requirement already satisfied: idna<4,>=2.5 in /root/miniconda3/lib/python3.12/site-packages (from requests->clip-interrogator->-r requirements.txt (line 1)) (3.7)
Requirement already satisfied: urllib3<3,>=1.21.1 in /root/miniconda3/lib/python3.12/site-packages (from requests->clip-interrogator->-r requirements.txt (line 1)) (2.1.0)
Requirement already satisfied: certifi>=2017.4.17 in /root/miniconda3/lib/python3.12/site-packages (from requests->clip-interrogator->-r requirements.txt (line 1)) (2024.2.2)
Installing collected packages: simpleeval
Successfully installed simpleeval-1.0.3
WARNING: Running pip as the 'root' user can result in broken permissions and conflicting behaviour with the system package manager, possibly rendering your system unusable. It is recommended to use a virtual environment instead: https://pip.pypa.io/warnings/venv. Use the --root-user-action option if you know what you are doing and want to suppress this warning.

=== Installing in rgthree-comfy/ ===
Looking in indexes: http://mirrors.aliyun.com/pypi/simple
WARNING: Running pip as the 'root' user can result in broken permissions and conflicting behaviour with the system package manager, possibly rendering your system unusable. It is recommended to use a virtual environment instead: https://pip.pypa.io/warnings/venv. Use the --root-user-action option if you know what you are doing and want to suppress this warning.

=== Installing in was-node-suite-comfyui/ ===
Looking in indexes: http://mirrors.aliyun.com/pypi/simple
Collecting git+https://github.com/WASasquatch/img2texture.git (from -r requirements.txt (line 3))
  Cloning https://github.com/WASasquatch/img2texture.git to /tmp/pip-req-build-46uc4cu1
  Running command git clone --filter=blob:none --quiet https://github.com/WASasquatch/img2texture.git /tmp/pip-req-build-46uc4cu1
  Resolved https://github.com/WASasquatch/img2texture.git to commit d6159abea44a0b2cf77454d3d46962c8b21eb9d3
  Preparing metadata (setup.py): started
  Preparing metadata (setup.py): finished with status 'done'
Collecting git+https://github.com/WASasquatch/cstr (from -r requirements.txt (line 4))
  Cloning https://github.com/WASasquatch/cstr to /tmp/pip-req-build-2i5x5lpe
  Running command git clone --filter=blob:none --quiet https://github.com/WASasquatch/cstr /tmp/pip-req-build-2i5x5lpe
  Resolved https://github.com/WASasquatch/cstr to commit 0520c29a18a7a869a6e5983861d6f7a4c86f8e9b
  Preparing metadata (setup.py): started
  Preparing metadata (setup.py): finished with status 'done'
Collecting git+https://github.com/WASasquatch/ffmpy.git (from -r requirements.txt (line 13))
  Cloning https://github.com/WASasquatch/ffmpy.git to /tmp/pip-req-build-19oqcnry
  Running command git clone --filter=blob:none --quiet https://github.com/WASasquatch/ffmpy.git /tmp/pip-req-build-19oqcnry
  Resolved https://github.com/WASasquatch/ffmpy.git to commit f000737698b387ffaeab7cd871b0e9185811230d
  Preparing metadata (setup.py): started
  Preparing metadata (setup.py): finished with status 'done'
Collecting cmake (from -r requirements.txt (line 1))
  Downloading http://mirrors.aliyun.com/pypi/packages/34/da/0217073d5b3fb8655b3de8af4e9e797a25ae28a2932b1138452a0dc89e9f/cmake-4.1.0-py3-none-manylinux2014_x86_64.manylinux_2_17_x86_64.whl (29.7 MB)
     ━━━━━━━━━━━━━━━━━━━━━━━━━━━━━━━━━━━━━━━━ 29.7/29.7 MB 429.0 kB/s  0:01:03
Collecting fairscale>=0.4.4 (from -r requirements.txt (line 2))
  Downloading http://mirrors.aliyun.com/pypi/packages/c1/08/b3334d7b543ac10dcb129cef4f84723ab696725512f18d69ab3a784b0bf5/fairscale-0.4.13.tar.gz (266 kB)
  Installing build dependencies: started
  Installing build dependencies: finished with status 'done'
  Getting requirements to build wheel: started
  Getting requirements to build wheel: finished with status 'done'
  Installing backend dependencies: started
  Installing backend dependencies: finished with status 'done'
  Preparing metadata (pyproject.toml): started
  Preparing metadata (pyproject.toml): finished with status 'done'
Requirement already satisfied: gitpython in /root/miniconda3/lib/python3.12/site-packages (from -r requirements.txt (line 5)) (3.1.45)
Requirement already satisfied: imageio in /root/miniconda3/lib/python3.12/site-packages (from -r requirements.txt (line 6)) (2.37.0)
Requirement already satisfied: joblib in /root/miniconda3/lib/python3.12/site-packages (from -r requirements.txt (line 7)) (1.5.2)
Requirement already satisfied: matplotlib in /root/miniconda3/lib/python3.12/site-packages (from -r requirements.txt (line 8)) (3.9.2)
Requirement already satisfied: numba in /root/miniconda3/lib/python3.12/site-packages (from -r requirements.txt (line 9)) (0.62.1)
Requirement already satisfied: numpy in /root/miniconda3/lib/python3.12/site-packages (from -r requirements.txt (line 10)) (2.1.3)
Collecting pilgram (from -r requirements.txt (line 12))
  Downloading http://mirrors.aliyun.com/pypi/packages/68/58/ed90396587f3a7cc23673d6bb3a161127625a309861946c528d162dd21ee/pilgram-1.2.1-py3-none-any.whl (817 kB)
     ━━━━━━━━━━━━━━━━━━━━━━━━━━━━━━━━━━━━━━━━ 817.4/817.4 kB 511.1 kB/s  0:00:01
Requirement already satisfied: rembg in /root/miniconda3/lib/python3.12/site-packages (from -r requirements.txt (line 14)) (2.0.67)
Requirement already satisfied: scikit-image>=0.20.0 in /root/miniconda3/lib/python3.12/site-packages (from -r requirements.txt (line 15)) (0.25.2)
Requirement already satisfied: scikit-learn in /root/miniconda3/lib/python3.12/site-packages (from -r requirements.txt (line 16)) (1.7.2)
Requirement already satisfied: scipy in /root/miniconda3/lib/python3.12/site-packages (from -r requirements.txt (line 17)) (1.16.2)
Requirement already satisfied: timm>=0.4.12 in /root/miniconda3/lib/python3.12/site-packages (from -r requirements.txt (line 18)) (1.0.20)
Requirement already satisfied: tqdm in /root/miniconda3/lib/python3.12/site-packages (from -r requirements.txt (line 19)) (4.66.2)
Requirement already satisfied: transformers in /root/miniconda3/lib/python3.12/site-packages (from -r requirements.txt (line 20)) (4.57.1)
Requirement already satisfied: opencv-python-headless[ffmpeg] in /root/miniconda3/lib/python3.12/site-packages (from -r requirements.txt (line 11)) (4.12.0.88)
Requirement already satisfied: pillow in /root/miniconda3/lib/python3.12/site-packages (from img2texture==1.0.6->-r requirements.txt (line 3)) (11.0.0)
Requirement already satisfied: torch>=1.8.0 in /root/miniconda3/lib/python3.12/site-packages (from fairscale>=0.4.4->-r requirements.txt (line 2)) (2.5.1+cu124)
Requirement already satisfied: gitdb<5,>=4.0.1 in /root/miniconda3/lib/python3.12/site-packages (from gitpython->-r requirements.txt (line 5)) (4.0.12)
Requirement already satisfied: smmap<6,>=3.0.1 in /root/miniconda3/lib/python3.12/site-packages (from gitdb<5,>=4.0.1->gitpython->-r requirements.txt (line 5)) (5.0.2)
Requirement already satisfied: contourpy>=1.0.1 in /root/miniconda3/lib/python3.12/site-packages (from matplotlib->-r requirements.txt (line 8)) (1.3.1)
Requirement already satisfied: cycler>=0.10 in /root/miniconda3/lib/python3.12/site-packages (from matplotlib->-r requirements.txt (line 8)) (0.12.1)
Requirement already satisfied: fonttools>=4.22.0 in /root/miniconda3/lib/python3.12/site-packages (from matplotlib->-r requirements.txt (line 8)) (4.55.0)
Requirement already satisfied: kiwisolver>=1.3.1 in /root/miniconda3/lib/python3.12/site-packages (from matplotlib->-r requirements.txt (line 8)) (1.4.7)
Requirement already satisfied: packaging>=20.0 in /root/miniconda3/lib/python3.12/site-packages (from matplotlib->-r requirements.txt (line 8)) (25.0)
Requirement already satisfied: pyparsing>=2.3.1 in /root/miniconda3/lib/python3.12/site-packages (from matplotlib->-r requirements.txt (line 8)) (3.2.0)
Requirement already satisfied: python-dateutil>=2.7 in /root/miniconda3/lib/python3.12/site-packages (from matplotlib->-r requirements.txt (line 8)) (2.9.0.post0)
Requirement already satisfied: llvmlite<0.46,>=0.45.0dev0 in /root/miniconda3/lib/python3.12/site-packages (from numba->-r requirements.txt (line 9)) (0.45.1)
WARNING: opencv-python-headless 4.12.0.88 does not provide the extra 'ffmpeg'
Requirement already satisfied: jsonschema in /root/miniconda3/lib/python3.12/site-packages (from rembg->-r requirements.txt (line 14)) (4.23.0)
Requirement already satisfied: pooch in /root/miniconda3/lib/python3.12/site-packages (from rembg->-r requirements.txt (line 14)) (1.8.2)
Requirement already satisfied: pymatting in /root/miniconda3/lib/python3.12/site-packages (from rembg->-r requirements.txt (line 14)) (1.1.14)
Requirement already satisfied: networkx>=3.0 in /root/miniconda3/lib/python3.12/site-packages (from scikit-image>=0.20.0->-r requirements.txt (line 15)) (3.4.2)
Requirement already satisfied: tifffile>=2022.8.12 in /root/miniconda3/lib/python3.12/site-packages (from scikit-image>=0.20.0->-r requirements.txt (line 15)) (2025.10.16)
Requirement already satisfied: lazy-loader>=0.4 in /root/miniconda3/lib/python3.12/site-packages (from scikit-image>=0.20.0->-r requirements.txt (line 15)) (0.4)
Requirement already satisfied: threadpoolctl>=3.1.0 in /root/miniconda3/lib/python3.12/site-packages (from scikit-learn->-r requirements.txt (line 16)) (3.6.0)
Requirement already satisfied: torchvision in /root/miniconda3/lib/python3.12/site-packages (from timm>=0.4.12->-r requirements.txt (line 18)) (0.20.1+cu124)
Requirement already satisfied: pyyaml in /root/miniconda3/lib/python3.12/site-packages (from timm>=0.4.12->-r requirements.txt (line 18)) (6.0.2)
Requirement already satisfied: huggingface_hub in /root/miniconda3/lib/python3.12/site-packages (from timm>=0.4.12->-r requirements.txt (line 18)) (0.35.3)
Requirement already satisfied: safetensors in /root/miniconda3/lib/python3.12/site-packages (from timm>=0.4.12->-r requirements.txt (line 18)) (0.6.2)
Requirement already satisfied: filelock in /root/miniconda3/lib/python3.12/site-packages (from transformers->-r requirements.txt (line 20)) (3.16.1)
Requirement already satisfied: regex!=2019.12.17 in /root/miniconda3/lib/python3.12/site-packages (from transformers->-r requirements.txt (line 20)) (2025.9.18)
Requirement already satisfied: requests in /root/miniconda3/lib/python3.12/site-packages (from transformers->-r requirements.txt (line 20)) (2.31.0)
Requirement already satisfied: tokenizers<=0.23.0,>=0.22.0 in /root/miniconda3/lib/python3.12/site-packages (from transformers->-r requirements.txt (line 20)) (0.22.1)
Requirement already satisfied: fsspec>=2023.5.0 in /root/miniconda3/lib/python3.12/site-packages (from huggingface_hub->timm>=0.4.12->-r requirements.txt (line 18)) (2024.10.0)
Requirement already satisfied: typing-extensions>=3.7.4.3 in /root/miniconda3/lib/python3.12/site-packages (from huggingface_hub->timm>=0.4.12->-r requirements.txt (line 18)) (4.15.0)
Requirement already satisfied: hf-xet<2.0.0,>=1.1.3 in /root/miniconda3/lib/python3.12/site-packages (from huggingface_hub->timm>=0.4.12->-r requirements.txt (line 18)) (1.1.10)
Requirement already satisfied: six>=1.5 in /root/miniconda3/lib/python3.12/site-packages (from python-dateutil>=2.7->matplotlib->-r requirements.txt (line 8)) (1.16.0)
Requirement already satisfied: jinja2 in /root/miniconda3/lib/python3.12/site-packages (from torch>=1.8.0->fairscale>=0.4.4->-r requirements.txt (line 2)) (3.1.4)
Requirement already satisfied: nvidia-cuda-nvrtc-cu12==12.4.127 in /root/miniconda3/lib/python3.12/site-packages (from torch>=1.8.0->fairscale>=0.4.4->-r requirements.txt (line 2)) (12.4.127)
Requirement already satisfied: nvidia-cuda-runtime-cu12==12.4.127 in /root/miniconda3/lib/python3.12/site-packages (from torch>=1.8.0->fairscale>=0.4.4->-r requirements.txt (line 2)) (12.4.127)
Requirement already satisfied: nvidia-cuda-cupti-cu12==12.4.127 in /root/miniconda3/lib/python3.12/site-packages (from torch>=1.8.0->fairscale>=0.4.4->-r requirements.txt (line 2)) (12.4.127)
Requirement already satisfied: nvidia-cudnn-cu12==9.1.0.70 in /root/miniconda3/lib/python3.12/site-packages (from torch>=1.8.0->fairscale>=0.4.4->-r requirements.txt (line 2)) (9.1.0.70)
Requirement already satisfied: nvidia-cublas-cu12==12.4.5.8 in /root/miniconda3/lib/python3.12/site-packages (from torch>=1.8.0->fairscale>=0.4.4->-r requirements.txt (line 2)) (12.4.5.8)
Requirement already satisfied: nvidia-cufft-cu12==11.2.1.3 in /root/miniconda3/lib/python3.12/site-packages (from torch>=1.8.0->fairscale>=0.4.4->-r requirements.txt (line 2)) (11.2.1.3)
Requirement already satisfied: nvidia-curand-cu12==10.3.5.147 in /root/miniconda3/lib/python3.12/site-packages (from torch>=1.8.0->fairscale>=0.4.4->-r requirements.txt (line 2)) (10.3.5.147)
Requirement already satisfied: nvidia-cusolver-cu12==11.6.1.9 in /root/miniconda3/lib/python3.12/site-packages (from torch>=1.8.0->fairscale>=0.4.4->-r requirements.txt (line 2)) (11.6.1.9)
Requirement already satisfied: nvidia-cusparse-cu12==12.3.1.170 in /root/miniconda3/lib/python3.12/site-packages (from torch>=1.8.0->fairscale>=0.4.4->-r requirements.txt (line 2)) (12.3.1.170)
Requirement already satisfied: nvidia-nccl-cu12==2.21.5 in /root/miniconda3/lib/python3.12/site-packages (from torch>=1.8.0->fairscale>=0.4.4->-r requirements.txt (line 2)) (2.21.5)
Requirement already satisfied: nvidia-nvtx-cu12==12.4.127 in /root/miniconda3/lib/python3.12/site-packages (from torch>=1.8.0->fairscale>=0.4.4->-r requirements.txt (line 2)) (12.4.127)
Requirement already satisfied: nvidia-nvjitlink-cu12==12.4.127 in /root/miniconda3/lib/python3.12/site-packages (from torch>=1.8.0->fairscale>=0.4.4->-r requirements.txt (line 2)) (12.4.127)
Requirement already satisfied: triton==3.1.0 in /root/miniconda3/lib/python3.12/site-packages (from torch>=1.8.0->fairscale>=0.4.4->-r requirements.txt (line 2)) (3.1.0)
Requirement already satisfied: setuptools in /root/miniconda3/lib/python3.12/site-packages (from torch>=1.8.0->fairscale>=0.4.4->-r requirements.txt (line 2)) (69.5.1)
Requirement already satisfied: sympy==1.13.1 in /root/miniconda3/lib/python3.12/site-packages (from torch>=1.8.0->fairscale>=0.4.4->-r requirements.txt (line 2)) (1.13.1)
Requirement already satisfied: mpmath<1.4,>=1.1.0 in /root/miniconda3/lib/python3.12/site-packages (from sympy==1.13.1->torch>=1.8.0->fairscale>=0.4.4->-r requirements.txt (line 2)) (1.3.0)
Requirement already satisfied: MarkupSafe>=2.0 in /root/miniconda3/lib/python3.12/site-packages (from jinja2->torch>=1.8.0->fairscale>=0.4.4->-r requirements.txt (line 2)) (3.0.2)
Requirement already satisfied: attrs>=22.2.0 in /root/miniconda3/lib/python3.12/site-packages (from jsonschema->rembg->-r requirements.txt (line 14)) (24.2.0)
Requirement already satisfied: jsonschema-specifications>=2023.03.6 in /root/miniconda3/lib/python3.12/site-packages (from jsonschema->rembg->-r requirements.txt (line 14)) (2024.10.1)
Requirement already satisfied: referencing>=0.28.4 in /root/miniconda3/lib/python3.12/site-packages (from jsonschema->rembg->-r requirements.txt (line 14)) (0.35.1)
Requirement already satisfied: rpds-py>=0.7.1 in /root/miniconda3/lib/python3.12/site-packages (from jsonschema->rembg->-r requirements.txt (line 14)) (0.21.0)
Requirement already satisfied: platformdirs>=2.5.0 in /root/miniconda3/lib/python3.12/site-packages (from pooch->rembg->-r requirements.txt (line 14)) (3.10.0)
Requirement already satisfied: charset-normalizer<4,>=2 in /root/miniconda3/lib/python3.12/site-packages (from requests->transformers->-r requirements.txt (line 20)) (2.0.4)
Requirement already satisfied: idna<4,>=2.5 in /root/miniconda3/lib/python3.12/site-packages (from requests->transformers->-r requirements.txt (line 20)) (3.7)
Requirement already satisfied: urllib3<3,>=1.21.1 in /root/miniconda3/lib/python3.12/site-packages (from requests->transformers->-r requirements.txt (line 20)) (2.1.0)
Requirement already satisfied: certifi>=2017.4.17 in /root/miniconda3/lib/python3.12/site-packages (from requests->transformers->-r requirements.txt (line 20)) (2024.2.2)
Building wheels for collected packages: img2texture, cstr, ffmpy, fairscale
  DEPRECATION: Building 'img2texture' using the legacy setup.py bdist_wheel mechanism, which will be removed in a future version. pip 25.3 will enforce this behaviour change. A possible replacement is to use the standardized build interface by setting the `--use-pep517` option, (possibly combined with `--no-build-isolation`), or adding a `pyproject.toml` file to the source tree of 'img2texture'. Discussion can be found at https://github.com/pypa/pip/issues/6334
  Building wheel for img2texture (setup.py): started
  Building wheel for img2texture (setup.py): finished with status 'done'
  Created wheel for img2texture: filename=img2texture-1.0.6-py3-none-any.whl size=8357 sha256=de1fad7b69142e729c642a92d3dd15d77e42db9c42f30eb097230660595e2d96
  Stored in directory: /tmp/pip-ephem-wheel-cache-vj6vhile/wheels/3e/c3/28/1bab0f9fe1567d005ad6664aa2625eddb08e87b7ebe7520884
  DEPRECATION: Building 'cstr' using the legacy setup.py bdist_wheel mechanism, which will be removed in a future version. pip 25.3 will enforce this behaviour change. A possible replacement is to use the standardized build interface by setting the `--use-pep517` option, (possibly combined with `--no-build-isolation`), or adding a `pyproject.toml` file to the source tree of 'cstr'. Discussion can be found at https://github.com/pypa/pip/issues/6334
  Building wheel for cstr (setup.py): started
  Building wheel for cstr (setup.py): finished with status 'done'
  Created wheel for cstr: filename=cstr-0.1.0-py3-none-any.whl size=2832 sha256=5392dde4143b86894812ae3805fac1d47cc5da179b1039e4060cae17cf32f6cf
  Stored in directory: /tmp/pip-ephem-wheel-cache-vj6vhile/wheels/16/81/79/6b3aba79e2b64a917180bca566a803a0974e33a201cbb28a96
  DEPRECATION: Building 'ffmpy' using the legacy setup.py bdist_wheel mechanism, which will be removed in a future version. pip 25.3 will enforce this behaviour change. A possible replacement is to use the standardized build interface by setting the `--use-pep517` option, (possibly combined with `--no-build-isolation`), or adding a `pyproject.toml` file to the source tree of 'ffmpy'. Discussion can be found at https://github.com/pypa/pip/issues/6334
  Building wheel for ffmpy (setup.py): started
  Building wheel for ffmpy (setup.py): finished with status 'done'
  Created wheel for ffmpy: filename=ffmpy-0.3.0-py3-none-any.whl size=5498 sha256=0b8e1f3a62be02c5dbd0c535644acc8e2193d1ae80939948b01888e45c4f1ac1
  Stored in directory: /tmp/pip-ephem-wheel-cache-vj6vhile/wheels/a7/45/c1/f271a7472ede22b6f9c85291d60789e23fc2b73d9acc758bdc
  Building wheel for fairscale (pyproject.toml): started
  Building wheel for fairscale (pyproject.toml): finished with status 'done'
  Created wheel for fairscale: filename=fairscale-0.4.13-py3-none-any.whl size=332208 sha256=8a4f67e39f800c0a3a1055f8131a6d4e7e1ecc64cf99a567da69a64e5efeb39f
  Stored in directory: /root/.cache/pip/wheels/d8/53/d2/3fee2f2cd9aac1ff95285dfecfb80e164481a5ba8931e9dd57
Successfully built img2texture cstr ffmpy fairscale
Installing collected packages: ffmpy, cstr, pilgram, img2texture, cmake, fairscale

Successfully installed cmake-4.1.0 cstr-0.1.0 fairscale-0.4.13 ffmpy-0.3.0 img2texture-1.0.6 pilgram-1.2.1
WARNING: Running pip as the 'root' user can result in broken permissions and conflicting behaviour with the system package manager, possibly rendering your system unusable. It is recommended to use a virtual environment instead: https://pip.pypa.io/warnings/venv. Use the --root-user-action option if you know what you are doing and want to suppress this warning.

